Player,Player Link,Player Key,Signed Using,Drafted
Aaron Gordon,https://www.spotrac.com/nba/player/_/id/15356/aaron-gordon,aaron-gordon,Bird Rights,"Round 1 (#4 overall), 2014"
Aaron Holiday,https://www.spotrac.com/nba/player/_/id/26989/aaron-holiday,aaron-holiday,Minimum,"Round 1 (#23 overall), 2018"
Aaron Nesmith,https://www.spotrac.com/nba/player/_/id/70656/aaron-nesmith,aaron-nesmith,Bird Rights,"Round 1 (#14 overall), 2020"
Aaron Wiggins,https://www.spotrac.com/nba/player/_/id/74162/aaron-wiggins,aaron-wiggins,Bird Rights,"Round 2 (#55 overall), 2021"
Ace Bailey,https://www.spotrac.com/nba/player/_/id/98599/ace-bailey,ace-bailey,Rookie Scale Exception,"Round 1 (#5 overall), 2025"
Adem Bona,https://www.spotrac.com/nba/player/_/id/91790/adem-bona,adem-bona,Second Round Exception,"Round 2 (#41 overall), 2024"
Adou Thiero,https://www.spotrac.com/nba/player/_/id/98625/adou-thiero,adou-thiero,Second Round Exception,"Round 2 (#36 overall), 2025"
AJ Green,https://www.spotrac.com/nba/player/_/id/78250/aj-green,aj-green,Bird Rights,Matt Bollero
AJ Johnson,https://www.spotrac.com/nba/player/_/id/92952/aj-johnson,aj-johnson,Rookie Scale Exception,"Round 1 (#23 overall), 2024"
Ajay Mitchell,https://www.spotrac.com/nba/player/_/id/92958/ajay-mitchell,ajay-mitchell,Non-Bird Rights,"Round 2 (#38 overall), 2024"
Al Horford,https://www.spotrac.com/nba/player/_/id/2199/al-horford,al-horford,Taxpayer Mid-Level Exception,"Round 1 (#3 overall), 2007"
Alex Caruso,https://www.spotrac.com/nba/player/_/id/21076/alex-caruso,alex-caruso,Bird Rights,Greg Lawrence (Wasserman)
Alex Sarr,https://www.spotrac.com/nba/player/_/id/91734/alex-sarr,alex-sarr,Rookie Scale Exception,"Round 1 (#2 overall), 2024"
Alperen Sengun,https://www.spotrac.com/nba/player/_/id/74123/alperen-sengun,alperen-sengun,Bird Rights,"Round 1 (#16 overall), 2021"
Amen Thompson,https://www.spotrac.com/nba/player/_/id/82199/amen-thompson,amen-thompson,Rookie Scale Exception,"Round 1 (#4 overall), 2023"
Amir Coffey,https://www.spotrac.com/nba/player/_/id/32198/amir-coffey,amir-coffey,Minimum,Javon Phillips (Excel Sports Management)
Andre Drummond,https://www.spotrac.com/nba/player/_/id/10817/andre-drummond,andre-drummond,Cap Space,"Round 1 (#9 overall), 2012"
Andre Jackson Jr.,https://www.spotrac.com/nba/player/_/id/82321/andre-jackson-jr,andre-jackson,Second Round Exception,"Round 2 (#36 overall), 2023"
Andrew Nembhard,https://www.spotrac.com/nba/player/_/id/78137/andrew-nembhard,andrew-nembhard,Bird Rights,"Round 2 (#31 overall), 2022"
Andrew Wiggins,https://www.spotrac.com/nba/player/_/id/15353/andrew-wiggins,andrew-wiggins,Bird Rights,"Round 1 (#1 overall), 2014"
Anfernee Simons,https://www.spotrac.com/nba/player/_/id/26990/anfernee-simons,anfernee-simons,Bird Rights,"Round 1 (#24 overall), 2018"
Anthony Black,https://www.spotrac.com/nba/player/_/id/82203/anthony-black,anthony-black,Rookie Scale Exception,"Round 1 (#6 overall), 2023"
Anthony Davis,https://www.spotrac.com/nba/player/_/id/10809/anthony-davis,anthony-davis,Bird Rights,"Round 1 (#1 overall), 2012"
Anthony Edwards,https://www.spotrac.com/nba/player/_/id/70643/anthony-edwards,anthony-edwards,Bird Rights,"Round 1 (#1 overall), 2020"
Anthony Gill,https://www.spotrac.com/nba/player/_/id/70741/anthony-gill,anthony-gill,Minimum,
Ariel Hukporti,https://www.spotrac.com/nba/player/_/id/93962/ariel-hukporti,ariel-hukporti,Minimum,"Round 2 (#58 overall), 2024"
Asa Newell,https://www.spotrac.com/nba/player/_/id/98611/asa-newell,asa-newell,Rookie Scale Exception,"Round 1 (#23 overall), 2025"
Ausar Thompson,https://www.spotrac.com/nba/player/_/id/82200/ausar-thompson,ausar-thompson,Rookie Scale Exception,"Round 1 (#5 overall), 2023"
Austin Reaves,https://www.spotrac.com/nba/player/_/id/74218/austin-reaves,austin-reaves,Early Bird Rights,Aaron Reilly
Ayo Dosunmu,https://www.spotrac.com/nba/player/_/id/74145/ayo-dosunmu,ayo-dosunmu,Early Bird Rights,"Round 2 (#38 overall), 2021"
Bam Adebayo,https://www.spotrac.com/nba/player/_/id/23609/bam-adebayo,bam-adebayo,Bird Rights,"Round 1 (#14 overall), 2017"
Baylor Scheierman,https://www.spotrac.com/nba/player/_/id/91780/baylor-scheierman,baylor-scheierman,Rookie Scale Exception,"Round 1 (#30 overall), 2024"
Ben Saraf,https://www.spotrac.com/nba/player/_/id/98626/ben-saraf,ben-saraf,Rookie Scale Exception,"Round 1 (#26 overall), 2025"
Ben Sheppard,https://www.spotrac.com/nba/player/_/id/84440/ben-sheppard,ben-sheppard,Rookie Scale Exception,"Round 1 (#26 overall), 2023"
Bennedict Mathurin,https://www.spotrac.com/nba/player/_/id/78115/bennedict-mathurin,bennedict-mathurin,Rookie Scale Exception,"Round 1 (#6 overall), 2022"
Bilal Coulibaly,https://www.spotrac.com/nba/player/_/id/82317/bilal-coulibaly,bilal-coulibaly,Rookie Scale Exception,"Round 1 (#7 overall), 2023"
Bismack Biyombo,https://www.spotrac.com/nba/player/_/id/8057/bismack-biyombo,bismack-biyombo,Minimum,"Round 1 (#7 overall), 2011"
Blake Wesley,https://www.spotrac.com/nba/player/_/id/78132/blake-wesley,blake-wesley,Minimum,"Round 1 (#25 overall), 2022"
Bobby Portis,https://www.spotrac.com/nba/player/_/id/17850/bobby-portis,bobby-portis,Bird Rights,"Round 1 (#22 overall), 2015"
Bobi Klintman,https://www.spotrac.com/nba/player/_/id/91764/bobi-klintman,bobi-klintman,Second Round Exception,"Round 2 (#37 overall), 2024"
Bogdan Bogdanovic,https://www.spotrac.com/nba/player/_/id/15379/bogdan-bogdanovic,bogdan-bogdanovic,Bird Rights,"Round 1 (#27 overall), 2014"
Bradley Beal,https://www.spotrac.com/nba/player/_/id/10811/bradley-beal,bradley-beal,Non-Taxpayer Mid-Level Exception,"Round 1 (#3 overall), 2012"
Brandin Podziemski,https://www.spotrac.com/nba/player/_/id/84438/brandin-podziemski,brandin-podziemski,Rookie Scale Exception,"Round 1 (#19 overall), 2023"
Brandon Clarke,https://www.spotrac.com/nba/player/_/id/31578/brandon-clarke,brandon-clarke,Bird Rights,"Round 1 (#21 overall), 2019"
Brandon Ingram,https://www.spotrac.com/nba/player/_/id/20207/brandon-ingram,brandon-ingram,Bird Rights,"Round 1 (#2 overall), 2016"
Brandon Miller,https://www.spotrac.com/nba/player/_/id/82197/brandon-miller,brandon-miller,Rookie Scale Exception,"Round 1 (#2 overall), 2023"
Brandon Williams,https://www.spotrac.com/nba/player/_/id/75136/brandon-williams,brandon-williams,Minimum,Sam Goldfeder
Brice Sensabaugh,https://www.spotrac.com/nba/player/_/id/82213/brice-sensabaugh,brice-sensabaugh,Rookie Scale Exception,"Round 1 (#28 overall), 2023"
Bronny James,https://www.spotrac.com/nba/player/_/id/92960/bronny-james,bronny-james,Second Round Exception,"Round 2 (#55 overall), 2024"
Brook Lopez,https://www.spotrac.com/nba/player/_/id/6136/brook-lopez,brook-lopez,Non-Taxpayer Mid-Level Exception,"Round 1 (#10 overall), 2008"
Bruce Brown Jr.,https://www.spotrac.com/nba/player/_/id/27008/bruce-brown-jr,bruce-brown,Minimum,"Round 2 (#42 overall), 2018"
Bub Carrington,https://www.spotrac.com/nba/player/_/id/91766/bub-carrington,bub-carrington,Rookie Scale Exception,"Round 1 (#14 overall), 2024"
Buddy Hield,https://www.spotrac.com/nba/player/_/id/20211/buddy-hield,buddy-hield,Bird Rights,"Round 1 (#6 overall), 2016"
Cade Cunningham,https://www.spotrac.com/nba/player/_/id/74108/cade-cunningham,cade-cunningham,Bird Rights,"Round 1 (#1 overall), 2021"
Caleb Martin,https://www.spotrac.com/nba/player/_/id/32682/caleb-martin,caleb-martin,Cap Space,Eric Fleisher
Cam Spencer,https://www.spotrac.com/nba/player/_/id/93960/cam-spencer,cam-spencer,Cap Space,"Round 2 (#53 overall), 2024"
Cam Whitmore,https://www.spotrac.com/nba/player/_/id/82202/cam-whitmore,cam-whitmore,Rookie Scale Exception,"Round 1 (#20 overall), 2023"
Cameron Christie,https://www.spotrac.com/nba/player/_/id/91777/cameron-christie,cameron-christie,Second Round Exception,"Round 2 (#46 overall), 2024"
Cameron Johnson,https://www.spotrac.com/nba/player/_/id/31568/cameron-johnson,cameron-johnson,Bird Rights,"Round 1 (#11 overall), 2019"
Cameron Thomas,https://www.spotrac.com/nba/player/_/id/74134/cameron-thomas,cameron-thomas,Qualifying Offer,"Round 1 (#27 overall), 2021"
Caris LeVert,https://www.spotrac.com/nba/player/_/id/20225/caris-levert,caris-levert,Non-Taxpayer Mid-Level Exception,"Round 1 (#20 overall), 2016"
Carter Bryant,https://www.spotrac.com/nba/player/_/id/98614/carter-bryant,carter-bryant,Rookie Scale Exception,"Round 1 (#14 overall), 2025"
Cason Wallace,https://www.spotrac.com/nba/player/_/id/82207/cason-wallace,cason-wallace,Rookie Scale Exception,"Round 1 (#10 overall), 2023"
Cedric Coward,https://www.spotrac.com/nba/player/_/id/98639/cedric-coward,cedric-coward,Rookie Scale Exception,"Round 1 (#11 overall), 2025"
Charles Bassey,https://www.spotrac.com/nba/player/_/id/74160/charles-bassey,charles-bassey,Hardship,"Round 2 (#53 overall), 2021"
Chaz Lanier,https://www.spotrac.com/nba/player/_/id/98643/chaz-lanier,chaz-lanier,Second Round Exception,"Round 2 (#37 overall), 2025"
Chet Holmgren,https://www.spotrac.com/nba/player/_/id/78108/chet-holmgren,chet-holmgren,Bird Rights,"Round 1 (#2 overall), 2022"
Chris Boucher,https://www.spotrac.com/nba/player/_/id/23671/chris-boucher,chris-boucher,Minimum,"Undrafted, GSW, 2017"
Chris Paul,https://www.spotrac.com/nba/player/_/id/2609/chris-paul,chris-paul,Minimum,"Round 1 (#4 overall), 2005"
Christian Braun,https://www.spotrac.com/nba/player/_/id/78148/christian-braun,christian-braun,Bird Rights,"Round 1 (#21 overall), 2022"
C.J. McCollum,https://www.spotrac.com/nba/player/_/id/13323/cj-mccollum,cj-mccollum,Bird Rights,"Round 1 (#10 overall), 2013"
Clint Capela,https://www.spotrac.com/nba/player/_/id/15377/clint-capela,clint-capela,Bird Rights,"Round 1 (#25 overall), 2014"
Coby White,https://www.spotrac.com/nba/player/_/id/31564/coby-white,coby-white,Bird Rights,"Round 1 (#7 overall), 2019"
Cody Williams,https://www.spotrac.com/nba/player/_/id/91752/cody-williams,cody-williams,Rookie Scale Exception,"Round 1 (#10 overall), 2024"
Cole Anthony,https://www.spotrac.com/nba/player/_/id/70657/cole-anthony,cole-anthony,Minimum,"Round 1 (#15 overall), 2020"
Collin Gillespie,https://www.spotrac.com/nba/player/_/id/78276/collin-gillespie,collin-gillespie,Minimum,James Dunleavy
Collin Murray-Boyles,https://www.spotrac.com/nba/player/_/id/98609/collin-murray-boyles,collin-murray-boyles,Rookie Scale Exception,"Round 1 (#9 overall), 2025"
Collin Sexton,https://www.spotrac.com/nba/player/_/id/26974/collin-sexton,collin-sexton,Bird Rights,"Round 1 (#8 overall), 2018"
Cooper Flagg,https://www.spotrac.com/nba/player/_/id/98597/cooper-flagg,cooper-flagg,Rookie Scale Exception,"Round 1 (#1 overall), 2025"
Corey Kispert,https://www.spotrac.com/nba/player/_/id/74122/corey-kispert,corey-kispert,Bird Rights,"Round 1 (#15 overall), 2021"
Craig Porter Jr.,https://www.spotrac.com/nba/player/_/id/84768/craig-porter-jr,craig-porter,Non-Taxpayer Mid-Level Exception,Ryan Straining
Dalen Terry,https://www.spotrac.com/nba/player/_/id/78128/dalen-terry,dalen-terry,Rookie Scale Exception,"Round 1 (#18 overall), 2022"
Dalton Knecht,https://www.spotrac.com/nba/player/_/id/91749/dalton-knecht,dalton-knecht,Rookie Scale Exception,"Round 1 (#17 overall), 2024"
Damian Lillard,https://www.spotrac.com/nba/player/_/id/10814/damian-lillard,damian-lillard,Non-Taxpayer Mid-Level Exception,"Round 1 (#6 overall), 2012"
D'Angelo Russell,https://www.spotrac.com/nba/player/_/id/17830/dangelo-russell,dangelo-russell,Taxpayer Mid-Level Exception,"Round 1 (#2 overall), 2015"
Daniel Gafford,https://www.spotrac.com/nba/player/_/id/31597/daniel-gafford,daniel-gafford,Bird Rights,"Round 2 (#38 overall), 2019"
Danny Wolf,https://www.spotrac.com/nba/player/_/id/98616/danny-wolf,danny-wolf,Rookie Scale Exception,"Round 1 (#27 overall), 2025"
Dante Exum,https://www.spotrac.com/nba/player/_/id/15357/dante-exum,dante-exum,Minimum,"Round 1 (#5 overall), 2014"
Dario Saric,https://www.spotrac.com/nba/player/_/id/15364/dario-saric,dario-saric,Taxpayer Mid-Level Exception,"Round 1 (#12 overall), 2014"
Darius Garland,https://www.spotrac.com/nba/player/_/id/31562/darius-garland,darius-garland,Bird Rights,"Round 1 (#5 overall), 2019"
DaRon Holmes II,https://www.spotrac.com/nba/player/_/id/91791/daron-holmes-ii,daron-holmes,Rookie Scale Exception,"Round 1 (#22 overall), 2024"
Davion Mitchell,https://www.spotrac.com/nba/player/_/id/74116/davion-mitchell,davion-mitchell,Bird Rights,"Round 1 (#9 overall), 2021"
Day'Ron Sharpe,https://www.spotrac.com/nba/player/_/id/74136/dayron-sharpe,dayron-sharpe,Cap Space,"Round 1 (#29 overall), 2021"
De'Aaron Fox,https://www.spotrac.com/nba/player/_/id/23600/deaaron-fox,deaaron-fox,Bird Rights,"Round 1 (#5 overall), 2017"
Dean Wade,https://www.spotrac.com/nba/player/_/id/31963/dean-wade,dean-wade,Bird Rights,
Deandre Ayton,https://www.spotrac.com/nba/player/_/id/26967/deandre-ayton,deandre-ayton,Non-Taxpayer Mid-Level Exception,"Round 1 (#1 overall), 2018"
De'Andre Hunter,https://www.spotrac.com/nba/player/_/id/31561/deandre-hunter,deandre-hunter,Bird Rights,"Round 1 (#4 overall), 2019"
DeAndre Jordan,https://www.spotrac.com/nba/player/_/id/6117/deandre-jordan,deandre-jordan,Minimum,"Round 2 (#35 overall), 2008"
De'Anthony Melton,https://www.spotrac.com/nba/player/_/id/27012/deanthony-melton,deanthony-melton,Minimum,"Round 2 (#46 overall), 2018"
Dejounte Murray,https://www.spotrac.com/nba/player/_/id/20234/dejounte-murray,dejounte-murray,Bird Rights,"Round 1 (#29 overall), 2016"
DeMar DeRozan,https://www.spotrac.com/nba/player/_/id/6327/demar-derozan,demar-derozan,Bird Rights,"Round 1 (#9 overall), 2009"
Deni Avdija,https://www.spotrac.com/nba/player/_/id/70651/deni-avdija,deni-avdija,Bird Rights,"Round 1 (#9 overall), 2020"
Dennis Schröder,https://www.spotrac.com/nba/player/_/id/13330/dennis-schr%C3%B6der,dennis-schroder,Non-Taxpayer Mid-Level Exception,"Round 1 (#17 overall), 2013"
Dereck Lively II,https://www.spotrac.com/nba/player/_/id/82272/dereck-lively-ii,dereck-lively,Rookie Scale Exception,"Round 1 (#12 overall), 2023"
Derik Queen,https://www.spotrac.com/nba/player/_/id/98607/derik-queen,derik-queen,Rookie Scale Exception,"Round 1 (#13 overall), 2025"
Derrick Jones Jr.,https://www.spotrac.com/nba/player/_/id/21067/derrick-jones-jr,derrick-jones,Non-Taxpayer Mid-Level Exception,
Derrick White,https://www.spotrac.com/nba/player/_/id/23624/derrick-white,derrick-white,Bird Rights,"Round 1 (#29 overall), 2017"
Desmond Bane,https://www.spotrac.com/nba/player/_/id/70672/desmond-bane,desmond-bane,Bird Rights,"Round 1 (#30 overall), 2020"
Devin Booker,https://www.spotrac.com/nba/player/_/id/17841/devin-booker,devin-booker,Bird Rights,"Round 1 (#13 overall), 2015"
Devin Carter,https://www.spotrac.com/nba/player/_/id/91758/devin-carter,devin-carter,Rookie Scale Exception,"Round 1 (#13 overall), 2024"
Devin Vassell,https://www.spotrac.com/nba/player/_/id/70653/devin-vassell,devin-vassell,Bird Rights,"Round 1 (#11 overall), 2020"
Dillon Brooks,https://www.spotrac.com/nba/player/_/id/23646/dillon-brooks,dillon-brooks,Bird Rights,"Round 2 (#45 overall), 2017"
Domantas Sabonis,https://www.spotrac.com/nba/player/_/id/20216/domantas-sabonis,domantas-sabonis,Bird Rights,"Round 1 (#11 overall), 2016"
Donovan Clingan,https://www.spotrac.com/nba/player/_/id/91735/donovan-clingan,donovan-clingan,Rookie Scale Exception,"Round 1 (#7 overall), 2024"
Donovan Mitchell,https://www.spotrac.com/nba/player/_/id/23608/donovan-mitchell,donovan-mitchell,Bird Rights,"Round 1 (#13 overall), 2017"
Donte DiVincenzo,https://www.spotrac.com/nba/player/_/id/26983/donte-divincenzo,donte-divincenzo,Non-Taxpayer Mid-Level Exception,"Round 1 (#17 overall), 2018"
Dorian Finney-Smith,https://www.spotrac.com/nba/player/_/id/20757/dorian-finney-smith,dorian-finney-smith,Non-Taxpayer Mid-Level Exception,"Undrafted, DAL, 2016"
Doug McDermott,https://www.spotrac.com/nba/player/_/id/15363/doug-mcdermott,doug-mcdermott,Minimum,"Round 1 (#11 overall), 2014"
Drake Powell,https://www.spotrac.com/nba/player/_/id/98620/drake-powell,drake-powell,Rookie Scale Exception,"Round 1 (#22 overall), 2025"
Draymond Green,https://www.spotrac.com/nba/player/_/id/10860/draymond-green,draymond-green,Bird Rights,"Round 2 (#35 overall), 2012"
Drew Eubanks,https://www.spotrac.com/nba/player/_/id/28052/drew-eubanks,drew-eubanks,Minimum,
Dru Smith,https://www.spotrac.com/nba/player/_/id/74420/dru-smith,dru-smith,Early Bird Rights,Aaron Reilly
Duncan Robinson,https://www.spotrac.com/nba/player/_/id/27658/duncan-robinson,duncan-robinson,Bird Rights,
Duop Reath,https://www.spotrac.com/nba/player/_/id/86051/duop-reath,duop-reath,Non-Taxpayer Mid-Level Exception,
Dwight Powell,https://www.spotrac.com/nba/player/_/id/15397/dwight-powell,dwight-powell,Bird Rights,"Round 2 (#45 overall), 2014"
Dylan Harper,https://www.spotrac.com/nba/player/_/id/98598/dylan-harper,dylan-harper,Rookie Scale Exception,"Round 1 (#2 overall), 2025"
Dyson Daniels,https://www.spotrac.com/nba/player/_/id/78114/dyson-daniels,dyson-daniels,Bird Rights,"Round 1 (#8 overall), 2022"
Egor Demin,https://www.spotrac.com/nba/player/_/id/98610/egor-demin,egor-demin,Rookie Scale Exception,"Round 1 (#8 overall), 2025"
Eric Gordon,https://www.spotrac.com/nba/player/_/id/6116/eric-gordon,eric-gordon,Minimum,"Round 1 (#7 overall), 2008"
Evan Mobley,https://www.spotrac.com/nba/player/_/id/74110/evan-mobley,evan-mobley,Bird Rights,"Round 1 (#3 overall), 2021"
Franz Wagner,https://www.spotrac.com/nba/player/_/id/74115/franz-wagner,franz-wagner,Bird Rights,"Round 1 (#8 overall), 2021"
Fred VanVleet,https://www.spotrac.com/nba/player/_/id/20778/fred-vanvleet,fred-vanvleet,Early Bird Rights,"Rich Paul, Erika Ruiz (Klutch Sports Group)"
Gabe Vincent,https://www.spotrac.com/nba/player/_/id/28087/gabe-vincent,gabe-vincent,Non-Taxpayer Mid-Level Exception,Bill Neff (SAGA Sports)
Garrett Temple,https://www.spotrac.com/nba/player/_/id/6492/garrett-temple,garrett-temple,Minimum,John Hamilton
Gary Harris,https://www.spotrac.com/nba/player/_/id/15371/gary-harris,gary-harris,Minimum,"Round 1 (#19 overall), 2014"
Gary Payton II,https://www.spotrac.com/nba/player/_/id/20272/gary-payton-ii,gary-payton,Minimum,"Undrafted, HOU, 2016"
Gary Trent Jr.,https://www.spotrac.com/nba/player/_/id/27003/gary-trent-jr,gary-trent,Non-Bird Rights,"Round 2 (#37 overall), 2018"
Georges Niang,https://www.spotrac.com/nba/player/_/id/20256/georges-niang,georges-niang,Non-Taxpayer Mid-Level Exception,"Round 2 (#50 overall), 2016"
G.G. Jackson,https://www.spotrac.com/nba/player/_/id/85972/gg-jackson,gg-jackson,Non-Taxpayer Mid-Level Exception,"Round 2 (#45 overall), 2023"
Giannis Antetokounmpo,https://www.spotrac.com/nba/player/_/id/13328/giannis-antetokounmpo,giannis-antetokounmpo,Bird Rights,"Round 1 (#15 overall), 2013"
Goga Bitadze,https://www.spotrac.com/nba/player/_/id/31575/goga-bitadze,goga-bitadze,Early Bird Rights,"Round 1 (#18 overall), 2019"
Gradey Dick,https://www.spotrac.com/nba/player/_/id/82204/gradey-dick,gradey-dick,Rookie Scale Exception,"Round 1 (#13 overall), 2023"
Grant Williams,https://www.spotrac.com/nba/player/_/id/31579/grant-williams,grant-williams,Bird Rights,"Round 1 (#22 overall), 2019"
Grayson Allen,https://www.spotrac.com/nba/player/_/id/26987/grayson-allen,grayson-allen,Bird Rights,"Round 1 (#21 overall), 2018"
Guerschon Yabusele,https://www.spotrac.com/nba/player/_/id/20221/guerschon-yabusele,guerschon-yabusele,Taxpayer Mid-Level Exception,"Round 1 (#16 overall), 2016"
Gui Santos,https://www.spotrac.com/nba/player/_/id/78165/gui-santos,gui-santos,Second Round Exception,"Round 2 (#55 overall), 2022"
Harrison Barnes,https://www.spotrac.com/nba/player/_/id/10815/harrison-barnes,harrison-barnes,Bird Rights,"Round 1 (#7 overall), 2012"
Haywood Highsmith,https://www.spotrac.com/nba/player/_/id/28301/haywood-highsmith,haywood-highsmith,Bird Rights,
Herb Jones,https://www.spotrac.com/nba/player/_/id/74142/herb-jones,herb-jones,,"Round 2 (#35 overall), 2021"
Hugo Gonzalez,https://www.spotrac.com/nba/player/_/id/98623/hugo-gonzalez,hugo-gonzalez,Rookie Scale Exception,"Round 1 (#28 overall), 2025"
Hunter Tyson,https://www.spotrac.com/nba/player/_/id/84466/hunter-tyson,hunter-tyson,Second Round Exception,"Round 2 (#37 overall), 2023"
Immanuel Quickley,https://www.spotrac.com/nba/player/_/id/70667/immanuel-quickley,immanuel-quickley,Bird Rights,"Round 1 (#25 overall), 2020"
Isaac Jones,https://www.spotrac.com/nba/player/_/id/94481/isaac-jones,isaac-jones,Minimum,"Greg Lawrence, Tony Ronzone (Wasserman)"
Isaac Okoro,https://www.spotrac.com/nba/player/_/id/70647/isaac-okoro,isaac-okoro,Bird Rights,"Round 1 (#5 overall), 2020"
Isaiah Collier,https://www.spotrac.com/nba/player/_/id/91753/isaiah-collier,isaiah-collier,Rookie Scale Exception,"Round 1 (#29 overall), 2024"
Isaiah Hartenstein,https://www.spotrac.com/nba/player/_/id/23644/isaiah-hartenstein,isaiah-hartenstein,Cap Space,"Round 2 (#43 overall), 2017"
Isaiah Jackson,https://www.spotrac.com/nba/player/_/id/74129/isaiah-jackson,isaiah-jackson,Bird Rights,"Round 1 (#22 overall), 2021"
Isaiah Joe,https://www.spotrac.com/nba/player/_/id/70691/isaiah-joe,isaiah-joe,Early Bird Rights,"Round 2 (#49 overall), 2020"
Isaiah Stewart,https://www.spotrac.com/nba/player/_/id/70658/isaiah-stewart,isaiah-stewart,Bird Rights,"Round 1 (#16 overall), 2020"
Ivica Zubac,https://www.spotrac.com/nba/player/_/id/20238/ivica-zubac,ivica-zubac,Bird Rights,"Round 2 (#32 overall), 2016"
Ja Morant,https://www.spotrac.com/nba/player/_/id/31559/ja-morant,ja-morant,Bird Rights,"Round 1 (#2 overall), 2019"
Jabari Smith Jr.,https://www.spotrac.com/nba/player/_/id/78109/jabari-smith-jr,jabari-smith,Bird Rights,"Round 1 (#3 overall), 2022"
Jaden Hardy,https://www.spotrac.com/nba/player/_/id/78130/jaden-hardy,jaden-hardy,Early Bird Rights,"Round 2 (#37 overall), 2022"
Jaden Ivey,https://www.spotrac.com/nba/player/_/id/78111/jaden-ivey,jaden-ivey,Rookie Scale Exception,"Round 1 (#5 overall), 2022"
Jaden McDaniels,https://www.spotrac.com/nba/player/_/id/70670/jaden-mcdaniels,jaden-mcdaniels,Bird Rights,"Round 1 (#28 overall), 2020"
Jae’Sean Tate,https://www.spotrac.com/nba/player/_/id/70758/jaesean-tate,jaesean-tate,Minimum,EJ Kusnyer
Jaime Jaquez Jr.,https://www.spotrac.com/nba/player/_/id/82323/jaime-jaquez-jr,jaime-jaquez,Rookie Scale Exception,"Round 1 (#18 overall), 2023"
Jake LaRavia,https://www.spotrac.com/nba/player/_/id/78141/jake-laravia,jake-laravia,Non-Taxpayer Mid-Level Exception,"Round 1 (#19 overall), 2022"
Jakob Poeltl,https://www.spotrac.com/nba/player/_/id/20214/jakob-poeltl,jakob-poeltl,Bird Rights,"Round 1 (#9 overall), 2016"
Ja'Kobe Walter,https://www.spotrac.com/nba/player/_/id/91754/jakobe-walter,jakobe-walter,Rookie Scale Exception,"Round 1 (#19 overall), 2024"
Jalen Brunson,https://www.spotrac.com/nba/player/_/id/26999/jalen-brunson,jalen-brunson,Bird Rights,"Round 2 (#33 overall), 2018"
Jalen Duren,https://www.spotrac.com/nba/player/_/id/78116/jalen-duren,jalen-duren,Rookie Scale Exception,"Round 1 (#13 overall), 2022"
Jalen Green,https://www.spotrac.com/nba/player/_/id/74109/jalen-green,jalen-green,Bird Rights,"Round 1 (#2 overall), 2021"
Jalen Johnson,https://www.spotrac.com/nba/player/_/id/74127/jalen-johnson,jalen-johnson,Bird Rights,"Round 1 (#20 overall), 2021"
Jalen Pickett,https://www.spotrac.com/nba/player/_/id/84465/jalen-pickett,jalen-pickett,Second Round Exception,"Round 2 (#32 overall), 2023"
Jalen Smith,https://www.spotrac.com/nba/player/_/id/70652/jalen-smith,jalen-smith,Non-Taxpayer Mid-Level Exception,"Round 1 (#10 overall), 2020"
Jalen Suggs,https://www.spotrac.com/nba/player/_/id/74112/jalen-suggs,jalen-suggs,Bird Rights,"Round 1 (#5 overall), 2021"
Jalen Williams,https://www.spotrac.com/nba/player/_/id/78126/jalen-williams,jalen-williams,Bird Rights,"Round 1 (#12 overall), 2022"
Jalen Wilson,https://www.spotrac.com/nba/player/_/id/84477/jalen-wilson,jalen-wilson,Non-Taxpayer Mid-Level Exception,"Round 2 (#51 overall), 2023"
Jamal Murray,https://www.spotrac.com/nba/player/_/id/20212/jamal-murray,jamal-murray,Bird Rights,"Round 1 (#7 overall), 2016"
Jamal Shead,https://www.spotrac.com/nba/player/_/id/93955/jamal-shead,jamal-shead,Second Round Exception,"Round 2 (#45 overall), 2024"
James Harden,https://www.spotrac.com/nba/player/_/id/6312/james-harden,james-harden,Bird Rights,"Round 1 (#3 overall), 2009"
Jamison Battle,https://www.spotrac.com/nba/player/_/id/95121/jamison-battle,jamison-battle,Non-Taxpayer Mid-Level Exception,"Aaron Klevan, Joe Smith (Wasserman)"
Jarace Walker,https://www.spotrac.com/nba/player/_/id/82201/jarace-walker,jarace-walker,Rookie Scale Exception,"Round 1 (#8 overall), 2023"
Jared McCain,https://www.spotrac.com/nba/player/_/id/91760/jared-mccain,jared-mccain,Rookie Scale Exception,"Round 1 (#16 overall), 2024"
Jaren Jackson Jr.,https://www.spotrac.com/nba/player/_/id/26970/jaren-jackson-jr,jaren-jackson,Bird Rights,"Round 1 (#4 overall), 2018"
Jarred Vanderbilt,https://www.spotrac.com/nba/player/_/id/27007/jarred-vanderbilt,jarred-vanderbilt,Bird Rights,"Round 2 (#41 overall), 2018"
Jarrett Allen,https://www.spotrac.com/nba/player/_/id/23617/jarrett-allen,jarrett-allen,Bird Rights,"Round 1 (#22 overall), 2017"
Jase Richardson,https://www.spotrac.com/nba/player/_/id/98604/jase-richardson,jase-richardson,Rookie Scale Exception,"Round 1 (#25 overall), 2025"
Javonte Green,https://www.spotrac.com/nba/player/_/id/32409/javonte-green,javonte-green,Minimum,Duncan Lloyd
Jaxson Hayes,https://www.spotrac.com/nba/player/_/id/31565/jaxson-hayes,jaxson-hayes,Non-Bird Rights,"Round 1 (#8 overall), 2019"
Jay Huff,https://www.spotrac.com/nba/player/_/id/74262/jay-huff,jay-huff,Non-Taxpayer Mid-Level Exception,
Jaylen Brown,https://www.spotrac.com/nba/player/_/id/20208/jaylen-brown,jaylen-brown,Bird Rights,"Round 1 (#3 overall), 2016"
Jaylen Clark,https://www.spotrac.com/nba/player/_/id/84479/jaylen-clark,jaylen-clark,Minimum,"Round 2 (#53 overall), 2023"
Jaylen Wells,https://www.spotrac.com/nba/player/_/id/93952/jaylen-wells,jaylen-wells,Second Round Exception,"Round 2 (#39 overall), 2024"
Jaylin Williams,https://www.spotrac.com/nba/player/_/id/78150/jaylin-williams,jaylin-williams,Bird Rights,"Round 2 (#34 overall), 2022"
Jaylon Tyson,https://www.spotrac.com/nba/player/_/id/91773/jaylon-tyson,jaylon-tyson,Rookie Scale Exception,"Round 1 (#20 overall), 2024"
Jayson Tatum,https://www.spotrac.com/nba/player/_/id/23598/jayson-tatum,jayson-tatum,Bird Rights,"Round 1 (#3 overall), 2017"
Jeff Green,https://www.spotrac.com/nba/player/_/id/2720/jeff-green,jeff-green,Minimum,"Round 1 (#5 overall), 2007"
Jerami Grant,https://www.spotrac.com/nba/player/_/id/15391/jerami-grant,jerami-grant,Bird Rights,"Round 2 (#39 overall), 2014"
Jeremiah Fears,https://www.spotrac.com/nba/player/_/id/98603/jeremiah-fears,jeremiah-fears,Rookie Scale Exception,"Round 1 (#7 overall), 2025"
Jeremiah Robinson-Earl,https://www.spotrac.com/nba/player/_/id/74139/jeremiah-robinson-earl,jeremiah-robinson-earl,Hardship,"Round 2 (#32 overall), 2021"
Jeremy Sochan,https://www.spotrac.com/nba/player/_/id/78122/jeremy-sochan,jeremy-sochan,Rookie Scale Exception,"Round 1 (#9 overall), 2022"
Jericho Sims,https://www.spotrac.com/nba/player/_/id/74166/jericho-sims,jericho-sims,Minimum,"Round 2 (#58 overall), 2021"
Jett Howard,https://www.spotrac.com/nba/player/_/id/82211/jett-howard,jett-howard,Rookie Scale Exception,"Round 1 (#11 overall), 2023"
Jevon Carter,https://www.spotrac.com/nba/player/_/id/26998/jevon-carter,jevon-carter,Non-Taxpayer Mid-Level Exception,"Round 2 (#32 overall), 2018"
Jimmy Butler,https://www.spotrac.com/nba/player/_/id/8081/jimmy-butler,jimmy-butler,Bird Rights,"Round 1 (#30 overall), 2011"
Joan Beringer,https://www.spotrac.com/nba/player/_/id/98624/joan-beringer,joan-beringer,Rookie Scale Exception,"Round 1 (#17 overall), 2025"
Jock Landale,https://www.spotrac.com/nba/player/_/id/74215/jock-landale,jock-landale,Minimum,
Joe Ingles,https://www.spotrac.com/nba/player/_/id/15852/joe-ingles,joe-ingles,Minimum,Bradley Ames
Joel Embiid,https://www.spotrac.com/nba/player/_/id/15355/joel-embiid,joel-embiid,Bird Rights,"Round 1 (#3 overall), 2014"
John Collins,https://www.spotrac.com/nba/player/_/id/23614/john-collins,john-collins,Bird Rights,"Round 1 (#19 overall), 2017"
John Konchar,https://www.spotrac.com/nba/player/_/id/32170/john-konchar,john-konchar,Bird Rights,
Johni Broome,https://www.spotrac.com/nba/player/_/id/98634/johni-broome,johni-broome,Second Round Exception,"Round 2 (#35 overall), 2025"
Johnny Furphy,https://www.spotrac.com/nba/player/_/id/91768/johnny-furphy,johnny-furphy,Second Round Exception,"Round 2 (#35 overall), 2024"
Jonas Valanciunas,https://www.spotrac.com/nba/player/_/id/8055/jonas-valanciunas,jonas-valanciunas,Bird Rights,"Round 1 (#5 overall), 2011"
Jonathan Isaac,https://www.spotrac.com/nba/player/_/id/23601/jonathan-isaac,jonathan-isaac,Bird Rights,"Round 1 (#6 overall), 2017"
Jonathan Kuminga,https://www.spotrac.com/nba/player/_/id/74114/jonathan-kuminga,jonathan-kuminga,Bird Rights,"Round 1 (#7 overall), 2021"
Jonathan Mogbo,https://www.spotrac.com/nba/player/_/id/92956/jonathan-mogbo,jonathan-mogbo,Second Round Exception,"Round 2 (#31 overall), 2024"
Jordan Clarkson,https://www.spotrac.com/nba/player/_/id/15398/jordan-clarkson,jordan-clarkson,Minimum,"Round 2 (#46 overall), 2014"
Jordan Goodwin,https://www.spotrac.com/nba/player/_/id/74333/jordan-goodwin,jordan-goodwin,Minimum,Kevin Martin
Jordan Hawkins,https://www.spotrac.com/nba/player/_/id/82208/jordan-hawkins,jordan-hawkins,Rookie Scale Exception,"Round 1 (#14 overall), 2023"
Jordan McLaughlin,https://www.spotrac.com/nba/player/_/id/27975/jordan-mclaughlin,jordan-mclaughlin,Minimum,
Jordan Poole,https://www.spotrac.com/nba/player/_/id/31587/jordan-poole,jordan-poole,Bird Rights,"Round 1 (#28 overall), 2019"
Jordan Walsh,https://www.spotrac.com/nba/player/_/id/84467/jordan-walsh,jordan-walsh,Second Round Exception,"Round 2 (#38 overall), 2023"
Jose Alvarado,https://www.spotrac.com/nba/player/_/id/74331/jose-alvarado,jose-alvarado,Bird Rights,"Ron Shade, Josh Beauregard-Bell"
Josh Giddey,https://www.spotrac.com/nba/player/_/id/74113/josh-giddey,josh-giddey,Bird Rights,"Round 1 (#6 overall), 2021"
Josh Green,https://www.spotrac.com/nba/player/_/id/70660/josh-green,josh-green,Bird Rights,"Round 1 (#18 overall), 2020"
Josh Hart,https://www.spotrac.com/nba/player/_/id/23625/josh-hart,josh-hart,,"Round 1 (#30 overall), 2017"
Josh Minott,https://www.spotrac.com/nba/player/_/id/78156/josh-minott,josh-minott,Minimum,"Round 2 (#45 overall), 2022"
Josh Okogie,https://www.spotrac.com/nba/player/_/id/26986/josh-okogie,josh-okogie,Minimum,"Round 1 (#20 overall), 2018"
Jrue Holiday,https://www.spotrac.com/nba/player/_/id/6316/jrue-holiday,jrue-holiday,Bird Rights,"Round 1 (#17 overall), 2009"
Julian Champagnie,https://www.spotrac.com/nba/player/_/id/78268/julian-champagnie,julian-champagnie,Cap Space,"Kashif Pratt, Nick Blatchford"
Julian Phillips,https://www.spotrac.com/nba/player/_/id/84444/julian-phillips,julian-phillips,Second Round Exception,"Round 2 (#35 overall), 2023"
Julian Strawther,https://www.spotrac.com/nba/player/_/id/84463/julian-strawther,julian-strawther,Rookie Scale Exception,"Round 1 (#29 overall), 2023"
Julius Randle,https://www.spotrac.com/nba/player/_/id/15359/julius-randle,julius-randle,Bird Rights,"Round 1 (#7 overall), 2014"
Justin Champagnie,https://www.spotrac.com/nba/player/_/id/74240/justin-champagnie,justin-champagnie,Non-Taxpayer Mid-Level Exception,Todd Ramasar (Life Sports Agency)
Justin Edwards,https://www.spotrac.com/nba/player/_/id/91770/justin-edwards,justin-edwards,Non-Bird Rights,
Jusuf Nurkic,https://www.spotrac.com/nba/player/_/id/15368/jusuf-nurkic,jusuf-nurkic,Bird Rights,"Round 1 (#16 overall), 2014"
Kam Jones,https://www.spotrac.com/nba/player/_/id/98618/kam-jones,kam-jones,Second Round Exception,"Round 2 (#38 overall), 2025"
Karl-Anthony Towns,https://www.spotrac.com/nba/player/_/id/17829/karl-anthony-towns,karl-anthony-towns,Bird Rights,"Round 1 (#1 overall), 2015"
Karlo Matkovic,https://www.spotrac.com/nba/player/_/id/78144/karlo-matkovic,karlo-matkovic,Second Round Exception,"Round 2 (#52 overall), 2022"
Kasparas Jakucionis,https://www.spotrac.com/nba/player/_/id/98605/kasparas-jakucionis,kasparas-jakucionis,Rookie Scale Exception,"Round 1 (#20 overall), 2025"
Kawhi Leonard,https://www.spotrac.com/nba/player/_/id/8066/kawhi-leonard,kawhi-leonard,Bird Rights,"Round 1 (#15 overall), 2011"
Keaton Wallace,https://www.spotrac.com/nba/player/_/id/79960/keaton-wallace,keaton-wallace,Minimum,"Mike Miller, Dan Frank"
Keegan Murray,https://www.spotrac.com/nba/player/_/id/78112/keegan-murray,keegan-murray,Bird Rights,"Round 1 (#4 overall), 2022"
Keldon Johnson,https://www.spotrac.com/nba/player/_/id/31588/keldon-johnson,keldon-johnson,Bird Rights,"Round 1 (#29 overall), 2019"
Kel'el Ware,https://www.spotrac.com/nba/player/_/id/91767/kelel-ware,kelel-ware,Rookie Scale Exception,"Round 1 (#15 overall), 2024"
Kelly Olynyk,https://www.spotrac.com/nba/player/_/id/13326/kelly-olynyk,kelly-olynyk,Bird Rights,"Round 1 (#13 overall), 2013"
Kelly Oubre Jr.,https://www.spotrac.com/nba/player/_/id/17843/kelly-oubre-jr,kelly-oubre,Room Mid-Level Exception,"Round 1 (#15 overall), 2015"
Kenrich Williams,https://www.spotrac.com/nba/player/_/id/27758/kenrich-williams,kenrich-williams,Bird Rights,"Adam Pensack, Ben Pensack (Pensack Sports)"
Kentavious Caldwell-Pope,https://www.spotrac.com/nba/player/_/id/13321/kentavious-caldwell-pope,kentavious-caldwell-pope,Cap Space,"Round 1 (#8 overall), 2013"
Keon Ellis,https://www.spotrac.com/nba/player/_/id/78267/keon-ellis,keon-ellis,Room Mid-Level Exception,Corey Marcum
Keshad Johnson,https://www.spotrac.com/nba/player/_/id/91786/keshad-johnson,keshad-johnson,Minimum,
Kevin Durant,https://www.spotrac.com/nba/player/_/id/2717/kevin-durant,kevin-durant,,"Round 1 (#2 overall), 2007"
Kevin Huerter,https://www.spotrac.com/nba/player/_/id/26985/kevin-huerter,kevin-huerter,Bird Rights,"Round 1 (#19 overall), 2018"
Kevin Love,https://www.spotrac.com/nba/player/_/id/6132/kevin-love,kevin-love,Early Bird Rights,"Round 1 (#5 overall), 2008"
Kevin Porter Jr.,https://www.spotrac.com/nba/player/_/id/31589/kevin-porter-jr,kevin-porter,Room Mid-Level Exception,"Round 1 (#30 overall), 2019"
Kevon Looney,https://www.spotrac.com/nba/player/_/id/17858/kevon-looney,kevon-looney,Non-Taxpayer Mid-Level Exception,"Round 1 (#30 overall), 2015"
Keyonte George,https://www.spotrac.com/nba/player/_/id/82209/keyonte-george,keyonte-george,Rookie Scale Exception,"Round 1 (#16 overall), 2023"
Khaman Maluach,https://www.spotrac.com/nba/player/_/id/98606/khaman-maluach,khaman-maluach,Rookie Scale Exception,"Round 1 (#10 overall), 2025"
Khris Middleton,https://www.spotrac.com/nba/player/_/id/10864/khris-middleton,khris-middleton,Bird Rights,"Round 2 (#39 overall), 2012"
Klay Thompson,https://www.spotrac.com/nba/player/_/id/8062/klay-thompson,klay-thompson,Bird Rights,"Round 1 (#11 overall), 2011"
Kobe Brown,https://www.spotrac.com/nba/player/_/id/84464/kobe-brown,kobe-brown,Rookie Scale Exception,"Round 1 (#30 overall), 2023"
Kon Knueppel,https://www.spotrac.com/nba/player/_/id/98602/kon-knueppel,kon-knueppel,Rookie Scale Exception,"Round 1 (#4 overall), 2025"
Kris Dunn,https://www.spotrac.com/nba/player/_/id/20210/kris-dunn,kris-dunn,Early Bird Rights,"Round 1 (#5 overall), 2016"
Kris Murray,https://www.spotrac.com/nba/player/_/id/82275/kris-murray,kris-murray,Rookie Scale Exception,"Round 1 (#23 overall), 2023"
Kristaps Porzingis,https://www.spotrac.com/nba/player/_/id/17832/kristaps-porzingis,kristaps-porzingis,Bird Rights,"Round 1 (#4 overall), 2015"
Kyle Anderson,https://www.spotrac.com/nba/player/_/id/15382/kyle-anderson,kyle-anderson,Bird Rights,"Round 1 (#30 overall), 2014"
Kyle Filipowski,https://www.spotrac.com/nba/player/_/id/91757/kyle-filipowski,kyle-filipowski,Minimum,"Round 2 (#32 overall), 2024"
Kyle Kuzma,https://www.spotrac.com/nba/player/_/id/23622/kyle-kuzma,kyle-kuzma,Bird Rights,"Round 1 (#27 overall), 2017"
Kyle Lowry,https://www.spotrac.com/nba/player/_/id/2536/kyle-lowry,kyle-lowry,Minimum,"Round 1 (#24 overall), 2006"
Kyrie Irving,https://www.spotrac.com/nba/player/_/id/8051/kyrie-irving,kyrie-irving,Bird Rights,"Round 1 (#1 overall), 2011"
Kyshawn George,https://www.spotrac.com/nba/player/_/id/91765/kyshawn-george,kyshawn-george,Rookie Scale Exception,"Round 1 (#24 overall), 2024"
LaMelo Ball,https://www.spotrac.com/nba/player/_/id/70645/lamelo-ball,lamelo-ball,Bird Rights,"Round 1 (#3 overall), 2020"
Landry Shamet,https://www.spotrac.com/nba/player/_/id/26992/landry-shamet,landry-shamet,Minimum,"Round 1 (#26 overall), 2018"
Larry Nance Jr.,https://www.spotrac.com/nba/player/_/id/17855/larry-nance-jr,larry-nance,Minimum,"Round 1 (#27 overall), 2015"
Lauri Markkanen,https://www.spotrac.com/nba/player/_/id/23602/lauri-markkanen,lauri-markkanen,Bird Rights,"Round 1 (#7 overall), 2017"
LeBron James,https://www.spotrac.com/nba/player/_/id/2257/lebron-james,lebron-james,Bird Rights,"Round 1 (#1 overall), 2003"
Leonard Miller,https://www.spotrac.com/nba/player/_/id/82215/leonard-miller,leonard-miller,Second Round Exception,"Round 2 (#33 overall), 2023"
Liam McNeeley,https://www.spotrac.com/nba/player/_/id/98608/liam-mcneeley,liam-mcneeley,Rookie Scale Exception,"Round 1 (#29 overall), 2025"
Lindy Waters III,https://www.spotrac.com/nba/player/_/id/75746/lindy-waters-iii,lindy-waters,Minimum,Herb Rudoy
Lonzo Ball,https://www.spotrac.com/nba/player/_/id/23597/lonzo-ball,lonzo-ball,Bird Rights,"Round 1 (#2 overall), 2017"
Luguentz Dort,https://www.spotrac.com/nba/player/_/id/33033/luguentz-dort,luguentz-dort,Bird Rights,"Thad Foucher, Joe Smith (Wasserman)"
Luka Doncic,https://www.spotrac.com/nba/player/_/id/26969/luka-doncic,luka-doncic,Bird Rights,"Round 1 (#3 overall), 2018"
Luka Garza,https://www.spotrac.com/nba/player/_/id/74159/luka-garza,luka-garza,Minimum,"Round 2 (#52 overall), 2021"
Luke Kennard,https://www.spotrac.com/nba/player/_/id/23607/luke-kennard,luke-kennard,Non-Taxpayer Mid-Level Exception,"Round 1 (#12 overall), 2017"
Luke Kornet,https://www.spotrac.com/nba/player/_/id/23670/luke-kornet,luke-kornet,Non-Taxpayer Mid-Level Exception,"Undrafted, NYK, 2017"
Mac McClung,https://www.spotrac.com/nba/player/_/id/74267/mac-mcclung,mac-mcclung,Minimum,Daniel Poneman
Malaki Branham,https://www.spotrac.com/nba/player/_/id/78120/malaki-branham,malaki-branham,Rookie Scale Exception,"Round 1 (#20 overall), 2022"
Malik Monk,https://www.spotrac.com/nba/player/_/id/23606/malik-monk,malik-monk,Early Bird Rights,"Round 1 (#11 overall), 2017"
Marcus Sasser,https://www.spotrac.com/nba/player/_/id/84442/marcus-sasser,marcus-sasser,Rookie Scale Exception,"Round 1 (#25 overall), 2023"
Marcus Smart,https://www.spotrac.com/nba/player/_/id/15358/marcus-smart,marcus-smart,Bi-Annual Exception,"Round 1 (#6 overall), 2014"
Mark Williams,https://www.spotrac.com/nba/player/_/id/78121/mark-williams,mark-williams,Rookie Scale Exception,"Round 1 (#15 overall), 2022"
Marvin Bagley III,https://www.spotrac.com/nba/player/_/id/26968/marvin-bagley-iii,marvin-bagley,Minimum,"Round 1 (#2 overall), 2018"
Mason Plumlee,https://www.spotrac.com/nba/player/_/id/13335/mason-plumlee,mason-plumlee,Minimum,"Round 1 (#22 overall), 2013"
Matas Buzelis,https://www.spotrac.com/nba/player/_/id/91738/matas-buzelis,matas-buzelis,Rookie Scale Exception,"Round 1 (#11 overall), 2024"
Matisse Thybulle,https://www.spotrac.com/nba/player/_/id/31577/matisse-thybulle,matisse-thybulle,Bird Rights,"Round 1 (#20 overall), 2019"
Max Christie,https://www.spotrac.com/nba/player/_/id/78136/max-christie,max-christie,Early Bird Rights,"Round 2 (#35 overall), 2022"
Max Strus,https://www.spotrac.com/nba/player/_/id/32411/max-strus,max-strus,Bird Rights,
Maxi Kleber,https://www.spotrac.com/nba/player/_/id/24212/maxi-kleber,maxi-kleber,Bird Rights,
Maxime Raynaud,https://www.spotrac.com/nba/player/_/id/98635/maxime-raynaud,maxime-raynaud,Second Round Exception,"Round 2 (#42 overall), 2025"
Micah Peavy,https://www.spotrac.com/nba/player/_/id/98645/micah-peavy,micah-peavy,Second Round Exception,"Round 2 (#40 overall), 2025"
Michael Porter Jr.,https://www.spotrac.com/nba/player/_/id/26980/michael-porter-jr,michael-porter,Bird Rights,"Round 1 (#14 overall), 2018"
Mikal Bridges,https://www.spotrac.com/nba/player/_/id/26976/mikal-bridges,mikal-bridges,Bird Rights,"Round 1 (#10 overall), 2018"
Mike Conley,https://www.spotrac.com/nba/player/_/id/2532/mike-conley,mike-conley,Bird Rights,"Round 1 (#4 overall), 2007"
Miles Bridges,https://www.spotrac.com/nba/player/_/id/26978/miles-bridges,miles-bridges,Bird Rights,"Round 1 (#12 overall), 2018"
Miles McBride,https://www.spotrac.com/nba/player/_/id/74143/miles-mcbride,miles-mcbride,Bird Rights,"Round 2 (#36 overall), 2021"
Mitchell Robinson,https://www.spotrac.com/nba/player/_/id/27002/mitchell-robinson,mitchell-robinson,Bird Rights,"Round 2 (#36 overall), 2018"
Mohamed Diawara,https://www.spotrac.com/nba/player/_/id/99263/mohamed-diawara,mohamed-diawara,Minimum,"Round 2 (#51 overall), 2025"
Moritz Wagner,https://www.spotrac.com/nba/player/_/id/26991/moritz-wagner,moritz-wagner,Bird Rights,"Round 1 (#25 overall), 2018"
Moses Moody,https://www.spotrac.com/nba/player/_/id/74121/moses-moody,moses-moody,Bird Rights,"Round 1 (#14 overall), 2021"
Mouhamed Gueye,https://www.spotrac.com/nba/player/_/id/84468/mouhamed-gueye,mouhamed-gueye,Second Round Exception,"Round 2 (#39 overall), 2023"
Moussa Diabate,https://www.spotrac.com/nba/player/_/id/78154/moussa-diabate,moussa-diabate,Room Mid-Level Exception,"Round 2 (#43 overall), 2022"
Myles Turner,https://www.spotrac.com/nba/player/_/id/17839/myles-turner,myles-turner,Cap Space,"Round 1 (#11 overall), 2015"
Nah'Shon Hyland,https://www.spotrac.com/nba/player/_/id/74133/nahshon-hyland,nahshon-hyland,Minimum,"Round 1 (#26 overall), 2021"
Naji Marshall,https://www.spotrac.com/nba/player/_/id/70704/naji-marshall,naji-marshall,Non-Taxpayer Mid-Level Exception,
Naz Reid,https://www.spotrac.com/nba/player/_/id/32045/naz-reid,naz-reid,Bird Rights,Sean Kennedy (Excel Sports Management)
Neemias Queta,https://www.spotrac.com/nba/player/_/id/74146/neemias-queta,neemias-queta,Non-Bird Rights,"Round 2 (#39 overall), 2021"
N'Faly Dante,https://www.spotrac.com/nba/player/_/id/94513/nfaly-dante,nfaly-dante,Minimum,"Mike George, Shayaun Saee (Klutch Sports Group)"
Nick Richards,https://www.spotrac.com/nba/player/_/id/70684/nick-richards,nick-richards,Early Bird Rights,"Round 2 (#42 overall), 2020"
Nickeil Alexander-Walker,https://www.spotrac.com/nba/player/_/id/31574/nickeil-alexander-walker,nickeil-alexander-walker,Bird Rights,"Round 1 (#17 overall), 2019"
Nicolas Batum,https://www.spotrac.com/nba/player/_/id/6149/nicolas-batum,nicolas-batum,Non-Bird Rights,"Round 1 (#25 overall), 2008"
Nicolas Claxton,https://www.spotrac.com/nba/player/_/id/31590/nicolas-claxton,nicolas-claxton,Bird Rights,"Round 2 (#31 overall), 2019"
Nigel Hayes-Davis,https://www.spotrac.com/nba/player/_/id/23669/nigel-hayes-davis,nigel-hayes-davis,Minimum,
Nikola Djurisic,https://www.spotrac.com/nba/player/_/id/92954/nikola-djurisic,nikola-djurisic,Second Round Exception,"Round 2 (#43 overall), 2024"
Nikola Jokic,https://www.spotrac.com/nba/player/_/id/15393/nikola-jokic,nikola-jokic,Bird Rights,"Round 2 (#41 overall), 2014"
Nikola Jovic,https://www.spotrac.com/nba/player/_/id/78135/nikola-jovic,nikola-jovic,Minimum,"Round 1 (#27 overall), 2022"
Nikola Topic,https://www.spotrac.com/nba/player/_/id/91737/nikola-topic,nikola-topic,Rookie Scale Exception,"Round 1 (#12 overall), 2024"
Nikola Vucevic,https://www.spotrac.com/nba/player/_/id/8067/nikola-vucevic,nikola-vucevic,Bird Rights,"Round 1 (#16 overall), 2011"
Nique Clifford,https://www.spotrac.com/nba/player/_/id/98612/nique-clifford,nique-clifford,Rookie Scale Exception,"Round 1 (#24 overall), 2025"
Noa Essengue,https://www.spotrac.com/nba/player/_/id/98619/noa-essengue,noa-essengue,Rookie Scale Exception,"Round 1 (#12 overall), 2025"
Noah Clowney,https://www.spotrac.com/nba/player/_/id/82214/noah-clowney,noah-clowney,Rookie Scale Exception,"Round 1 (#21 overall), 2023"
Noah Penda,https://www.spotrac.com/nba/player/_/id/98630/noah-penda,noah-penda,Second Round Exception,"Round 2 (#32 overall), 2025"
Nolan Traore,https://www.spotrac.com/nba/player/_/id/98615/nolan-traore,nolan-traore,Rookie Scale Exception,"Round 1 (#19 overall), 2025"
Norman Powell,https://www.spotrac.com/nba/player/_/id/17874/norman-powell,norman-powell,Bird Rights,"Round 2 (#46 overall), 2015"
Obi Toppin,https://www.spotrac.com/nba/player/_/id/70650/obi-toppin,obi-toppin,Bird Rights,"Round 1 (#8 overall), 2020"
Ochai Agbaji,https://www.spotrac.com/nba/player/_/id/78124/ochai-agbaji,ochai-agbaji,Rookie Scale Exception,"Round 1 (#14 overall), 2022"
OG Anunoby,https://www.spotrac.com/nba/player/_/id/23618/og-anunoby,og-anunoby,Bird Rights,"Round 1 (#23 overall), 2017"
Onyeka Okongwu,https://www.spotrac.com/nba/player/_/id/70648/onyeka-okongwu,onyeka-okongwu,Bird Rights,"Round 1 (#6 overall), 2020"
Oso Ighodaro,https://www.spotrac.com/nba/player/_/id/93953/oso-ighodaro,oso-ighodaro,Second Round Exception,"Round 2 (#40 overall), 2024"
Ousmane Dieng,https://www.spotrac.com/nba/player/_/id/78118/ousmane-dieng,ousmane-dieng,Rookie Scale Exception,"Round 1 (#11 overall), 2022"
Pacome Dadiet,https://www.spotrac.com/nba/player/_/id/91782/pacome-dadiet,pacome-dadiet,Rookie Scale Exception,"Round 1 (#25 overall), 2024"
Paolo Banchero,https://www.spotrac.com/nba/player/_/id/78110/paolo-banchero,paolo-banchero,Bird Rights,"Round 1 (#1 overall), 2022"
Pascal Siakam,https://www.spotrac.com/nba/player/_/id/20232/pascal-siakam,pascal-siakam,Bird Rights,"Round 1 (#27 overall), 2016"
Pat Connaughton,https://www.spotrac.com/nba/player/_/id/17869/pat-connaughton,pat-connaughton,Bird Rights,"Round 2 (#41 overall), 2015"
Patrick Williams,https://www.spotrac.com/nba/player/_/id/70646/patrick-williams,patrick-williams,Bird Rights,"Round 1 (#4 overall), 2020"
Paul George,https://www.spotrac.com/nba/player/_/id/6892/paul-george,paul-george,Cap Space,"Round 1 (#10 overall), 2010"
Paul Reed,https://www.spotrac.com/nba/player/_/id/70700/paul-reed,paul-reed,Early Bird Rights,"Round 2 (#58 overall), 2020"
Payton Pritchard,https://www.spotrac.com/nba/player/_/id/70668/payton-pritchard,payton-pritchard,Bird Rights,"Round 1 (#26 overall), 2020"
Pelle Larsson,https://www.spotrac.com/nba/player/_/id/91787/pelle-larsson,pelle-larsson,Second Round Exception,"Round 2 (#44 overall), 2024"
Peyton Watson,https://www.spotrac.com/nba/player/_/id/78138/peyton-watson,peyton-watson,Rookie Scale Exception,"Round 1 (#30 overall), 2022"
PJ Washington,https://www.spotrac.com/nba/player/_/id/31569/pj-washington,pj-washington,Bird Rights,"Round 1 (#12 overall), 2019"
Quentin Grimes,https://www.spotrac.com/nba/player/_/id/74132/quentin-grimes,quentin-grimes,Qualifying Offer,"Round 1 (#25 overall), 2021"
Quinten Post,https://www.spotrac.com/nba/player/_/id/93959/quinten-post,quinten-post,Minimum,"Round 2 (#52 overall), 2024"
Rasheer Fleming,https://www.spotrac.com/nba/player/_/id/98617/rasheer-fleming,rasheer-fleming,Second Round Exception,"Round 2 (#31 overall), 2025"
Rayan Rupert,https://www.spotrac.com/nba/player/_/id/82212/rayan-rupert,rayan-rupert,Second Round Exception,"Round 2 (#43 overall), 2023"
Reed Sheppard,https://www.spotrac.com/nba/player/_/id/91739/reed-sheppard,reed-sheppard,Rookie Scale Exception,"Round 1 (#3 overall), 2024"
R.J. Barrett,https://www.spotrac.com/nba/player/_/id/31560/rj-barrett,rj-barrett,Bird Rights,"Round 1 (#3 overall), 2019"
Rob Dillingham,https://www.spotrac.com/nba/player/_/id/91736/rob-dillingham,rob-dillingham,Rookie Scale Exception,"Round 1 (#8 overall), 2024"
Robert Williams III,https://www.spotrac.com/nba/player/_/id/26993/robert-williams-iii,robert-williams,Bird Rights,"Round 1 (#27 overall), 2018"
Ron Holland II,https://www.spotrac.com/nba/player/_/id/91751/ron-holland-ii,ron-holland,Rookie Scale Exception,"Round 1 (#5 overall), 2024"
Royce O'Neale,https://www.spotrac.com/nba/player/_/id/24240/royce-oneale,royce-oneale,Bird Rights,"Mark Bartelstein, George Roussakis (Priority Sports & Entertainment)"
Rudy Gobert,https://www.spotrac.com/nba/player/_/id/13340/rudy-gobert,rudy-gobert,Bird Rights,"Round 1 (#27 overall), 2013"
Rui Hachimura,https://www.spotrac.com/nba/player/_/id/31566/rui-hachimura,rui-hachimura,Bird Rights,"Round 1 (#9 overall), 2019"
Russell Westbrook,https://www.spotrac.com/nba/player/_/id/6141/russell-westbrook,russell-westbrook,Minimum,"Round 1 (#4 overall), 2008"
Ryan Dunn,https://www.spotrac.com/nba/player/_/id/91771/ryan-dunn,ryan-dunn,Rookie Scale Exception,"Round 1 (#28 overall), 2024"
Ryan Kalkbrenner,https://www.spotrac.com/nba/player/_/id/98627/ryan-kalkbrenner,ryan-kalkbrenner,Second Round Exception,"Round 2 (#34 overall), 2025"
Ryan Rollins,https://www.spotrac.com/nba/player/_/id/78155/ryan-rollins,ryan-rollins,Early Bird Rights,"Round 2 (#44 overall), 2022"
Saddiq Bey,https://www.spotrac.com/nba/player/_/id/70661/saddiq-bey,saddiq-bey,Non-Taxpayer Mid-Level Exception,"Round 1 (#19 overall), 2020"
Sam Hauser,https://www.spotrac.com/nba/player/_/id/74311/sam-hauser,sam-hauser,Bird Rights,Jason Glushon
Sam Merrill,https://www.spotrac.com/nba/player/_/id/70702/sam-merrill,sam-merrill,Bird Rights,"Round 2 (#60 overall), 2020"
Sandro Mamukelashvili,https://www.spotrac.com/nba/player/_/id/74161/sandro-mamukelashvili,sandro-mamukelashvili,Minimum,"Round 2 (#54 overall), 2021"
Santi Aldama,https://www.spotrac.com/nba/player/_/id/74137/santi-aldama,santi-aldama,Bird Rights,"Round 1 (#30 overall), 2021"
Scoot Henderson,https://www.spotrac.com/nba/player/_/id/82198/scoot-henderson,scoot-henderson,Rookie Scale Exception,"Round 1 (#3 overall), 2023"
Scottie Barnes,https://www.spotrac.com/nba/player/_/id/74111/scottie-barnes,scottie-barnes,Bird Rights,"Round 1 (#4 overall), 2021"
Scotty Pippen Jr.,https://www.spotrac.com/nba/player/_/id/78256/scotty-pippen-jr,scotty-pippen,Non-Taxpayer Mid-Level Exception,"Rich Paul, Erika Ruiz (Klutch Sports Group)"
Shaedon Sharpe,https://www.spotrac.com/nba/player/_/id/78113/shaedon-sharpe,shaedon-sharpe,Bird Rights,"Round 1 (#7 overall), 2022"
Shai Gilgeous-Alexander,https://www.spotrac.com/nba/player/_/id/26977/shai-gilgeous-alexander,shai-gilgeous-alexander,Bird Rights,"Round 1 (#11 overall), 2018"
Simone Fontecchio,https://www.spotrac.com/nba/player/_/id/78654/simone-fontecchio,simone-fontecchio,Early Bird Rights,
Sion James,https://www.spotrac.com/nba/player/_/id/98641/sion-james,sion-james,Second Round Exception,"Round 2 (#33 overall), 2025"
Stephen Curry,https://www.spotrac.com/nba/player/_/id/6287/stephen-curry,stephen-curry,Bird Rights,"Round 1 (#7 overall), 2009"
Stephon Castle,https://www.spotrac.com/nba/player/_/id/91750/stephon-castle,stephon-castle,Rookie Scale Exception,"Round 1 (#4 overall), 2024"
Steven Adams,https://www.spotrac.com/nba/player/_/id/13325/steven-adams,steven-adams,Bird Rights,"Round 1 (#12 overall), 2013"
Sviatoslav Mykhailiuk,https://www.spotrac.com/nba/player/_/id/27013/sviatoslav-mykhailiuk,sviatoslav-mykhailiuk,Cap Space,"Round 2 (#47 overall), 2018"
Tari Eason,https://www.spotrac.com/nba/player/_/id/78123/tari-eason,tari-eason,Rookie Scale Exception,"Round 1 (#17 overall), 2022"
Taurean Prince,https://www.spotrac.com/nba/player/_/id/20217/taurean-prince,taurean-prince,Minimum,"Round 1 (#12 overall), 2016"
Taylor Hendricks,https://www.spotrac.com/nba/player/_/id/82205/taylor-hendricks,taylor-hendricks,Rookie Scale Exception,"Round 1 (#9 overall), 2023"
Terance Mann,https://www.spotrac.com/nba/player/_/id/31607/terance-mann,terance-mann,,"Round 2 (#48 overall), 2019"
Terrence Shannon Jr.,https://www.spotrac.com/nba/player/_/id/91774/terrence-shannon-jr,terrence-shannon,Rookie Scale Exception,"Round 1 (#27 overall), 2024"
Terry Rozier,https://www.spotrac.com/nba/player/_/id/17844/terry-rozier,terry-rozier,Bird Rights,"Round 1 (#16 overall), 2015"
Thanasis Antetokounmpo,https://www.spotrac.com/nba/player/_/id/15403/thanasis-antetokounmpo,thanasis-antetokounmpo,Minimum,"Round 2 (#51 overall), 2014"
Thomas Bryant,https://www.spotrac.com/nba/player/_/id/23643/thomas-bryant,thomas-bryant,Minimum,"Round 2 (#42 overall), 2017"
Thomas Sorber,https://www.spotrac.com/nba/player/_/id/98621/thomas-sorber,thomas-sorber,Rookie Scale Exception,"Round 1 (#15 overall), 2025"
Tidjane Salaun,https://www.spotrac.com/nba/player/_/id/91756/tidjane-salaun,tidjane-salaun,Rookie Scale Exception,"Round 1 (#6 overall), 2024"
Tim Hardaway Jr.,https://www.spotrac.com/nba/player/_/id/13337/tim-hardaway-jr,tim-hardaway,Minimum,"Round 1 (#24 overall), 2013"
T.J. McConnell,https://www.spotrac.com/nba/player/_/id/18252/tj-mcconnell,tj-mcconnell,Bird Rights,"Omar Wilkes, Chris Emens"
Tobias Harris,https://www.spotrac.com/nba/player/_/id/8070/tobias-harris,tobias-harris,Cap Space,"Round 1 (#19 overall), 2011"
Tony Bradley,https://www.spotrac.com/nba/player/_/id/23623/tony-bradley,tony-bradley,Minimum,"Round 1 (#28 overall), 2017"
Toumani Camara,https://www.spotrac.com/nba/player/_/id/84478/toumani-camara,toumani-camara,Bird Rights,"Round 2 (#52 overall), 2023"
Trae Young,https://www.spotrac.com/nba/player/_/id/26971/trae-young,trae-young,Bird Rights,"Round 1 (#5 overall), 2018"
Trayce Jackson-Davis,https://www.spotrac.com/nba/player/_/id/84443/trayce-jackson-davis,trayce-jackson-davis,Second Round Exception,"Round 2 (#57 overall), 2023"
Tre Johnson,https://www.spotrac.com/nba/player/_/id/98601/tre-johnson,tre-johnson,Rookie Scale Exception,"Round 1 (#6 overall), 2025"
Tre Jones,https://www.spotrac.com/nba/player/_/id/70683/tre-jones,tre-jones,Bird Rights,"Round 2 (#41 overall), 2020"
Tre Mann,https://www.spotrac.com/nba/player/_/id/74125/tre-mann,tre-mann,Bird Rights,"Round 1 (#18 overall), 2021"
Trendon Watford,https://www.spotrac.com/nba/player/_/id/74232/trendon-watford,trendon-watford,Minimum,"Thaddeus Foucher, Joe Smith"
Trey Murphy III,https://www.spotrac.com/nba/player/_/id/74124/trey-murphy-iii,trey-murphy,Bird Rights,"Round 1 (#17 overall), 2021"
Tristan Da Silva,https://www.spotrac.com/nba/player/_/id/91759/tristan-da-silva,tristan-da-silva,Rookie Scale Exception,"Round 1 (#18 overall), 2024"
Ty Jerome,https://www.spotrac.com/nba/player/_/id/31582/ty-jerome,ty-jerome,Room Mid-Level Exception,"Round 1 (#24 overall), 2019"
Tyler Herro,https://www.spotrac.com/nba/player/_/id/31570/tyler-herro,tyler-herro,Bird Rights,"Round 1 (#13 overall), 2019"
Tyler Kolek,https://www.spotrac.com/nba/player/_/id/91769/tyler-kolek,tyler-kolek,Second Round Exception,"Round 2 (#34 overall), 2024"
Tyrese Haliburton,https://www.spotrac.com/nba/player/_/id/70654/tyrese-haliburton,tyrese-haliburton,Bird Rights,"Round 1 (#12 overall), 2020"
Tyrese Martin,https://www.spotrac.com/nba/player/_/id/78162/tyrese-martin,tyrese-martin,Non-Taxpayer Mid-Level Exception,"Round 2 (#51 overall), 2022"
Tyrese Maxey,https://www.spotrac.com/nba/player/_/id/70663/tyrese-maxey,tyrese-maxey,Bird Rights,"Round 1 (#21 overall), 2020"
Tyrese Proctor,https://www.spotrac.com/nba/player/_/id/98636/tyrese-proctor,tyrese-proctor,Second Round Exception,"Round 2 (#49 overall), 2025"
Tyus Jones,https://www.spotrac.com/nba/player/_/id/17852/tyus-jones,tyus-jones,Non-Taxpayer Mid-Level Exception,"Round 1 (#24 overall), 2015"
Victor Wembanyama,https://www.spotrac.com/nba/player/_/id/82196/victor-wembanyama,victor-wembanyama,Rookie Scale Exception,"Round 1 (#1 overall), 2023"
Vincent Williams Jr.,https://www.spotrac.com/nba/player/_/id/78158/vincent-williams-jr,vincent-williams,Non-Taxpayer Mid-Level Exception,"Round 2 (#47 overall), 2022"
Vit Krejci,https://www.spotrac.com/nba/player/_/id/70679/vit-krejci,vit-krejci,Non-Taxpayer Mid-Level Exception,"Round 2 (#37 overall), 2020"
VJ Edgecombe,https://www.spotrac.com/nba/player/_/id/98600/vj-edgecombe,vj-edgecombe,Rookie Scale Exception,"Round 1 (#3 overall), 2025"
Walker Kessler,https://www.spotrac.com/nba/player/_/id/78133/walker-kessler,walker-kessler,Rookie Scale Exception,"Round 1 (#22 overall), 2022"
Walter Clayton Jr.,https://www.spotrac.com/nba/player/_/id/98613/walter-clayton-jr,walter-clayton,Rookie Scale Exception,"Round 1 (#18 overall), 2025"
Wendell Carter Jr.,https://www.spotrac.com/nba/player/_/id/26973/wendell-carter-jr,wendell-carter,Bird Rights,"Round 1 (#7 overall), 2018"
Will Richard,https://www.spotrac.com/nba/player/_/id/99269/will-richard,will-richard,Second Round Exception,"Round 2 (#56 overall), 2025"
Will Riley,https://www.spotrac.com/nba/player/_/id/98622/will-riley,will-riley,Rookie Scale Exception,"Round 1 (#21 overall), 2025"
Xavier Tillman,https://www.spotrac.com/nba/player/_/id/70677/xavier-tillman,xavier-tillman,Minimum,"Round 2 (#35 overall), 2020"
Yang Hansen,https://www.spotrac.com/nba/player/_/id/99184/yang-hansen,yang-hansen,Rookie Scale Exception,"Round 1 (#16 overall), 2025"
Yanic Konan Niederhauser,https://www.spotrac.com/nba/player/_/id/99185/yanic-konan-niederhauser,yanic-konan-niederhauser,"$5,624,760","Round 1 (#30 overall), 2025"
Yves Missi,https://www.spotrac.com/nba/player/_/id/91761/yves-missi,yves-missi,Rookie Scale Exception,"Round 1 (#21 overall), 2024"
Zaccharie Risacher,https://www.spotrac.com/nba/player/_/id/91733/zaccharie-risacher,zaccharie-risacher,Rookie Scale Exception,"Round 1 (#1 overall), 2024"
Zach Collins,https://www.spotrac.com/nba/player/_/id/23605/zach-collins,zach-collins,Bird Rights,"Round 1 (#10 overall), 2017"
Zach Edey,https://www.spotrac.com/nba/player/_/id/91755/zach-edey,zach-edey,Rookie Scale Exception,"Round 1 (#9 overall), 2024"
Zach LaVine,https://www.spotrac.com/nba/player/_/id/15365/zach-lavine,zach-lavine,Bird Rights,"Round 1 (#13 overall), 2014"
Zeke Nnaji,https://www.spotrac.com/nba/player/_/id/70664/zeke-nnaji,zeke-nnaji,Bird Rights,"Round 1 (#22 overall), 2020"
Ziaire Williams,https://www.spotrac.com/nba/player/_/id/74117/ziaire-williams,ziaire-williams,Bird Rights,"Round 1 (#10 overall), 2021"
Zion Williamson,https://www.spotrac.com/nba/player/_/id/31558/zion-williamson,zion-williamson,Bird Rights,"Round 1 (#1 overall), 2019"
