"player_link","signed_using"
"https://www.spotrac.com/nba/player/_/id/10809","Bird Rights"
"https://www.spotrac.com/nba/player/_/id/10811","Bird Rights"
"https://www.spotrac.com/nba/player/_/id/10814","Bird Rights"
"https://www.spotrac.com/nba/player/_/id/10815","Bird Rights"
"https://www.spotrac.com/nba/player/_/id/10817","cap-space"
"https://www.spotrac.com/nba/player/_/id/10860","Bird Rights"
"https://www.spotrac.com/nba/player/_/id/10864","Bird Rights"
"https://www.spotrac.com/nba/player/_/id/11059","non-taxpayer-mid-level-exception"
"https://www.spotrac.com/nba/player/_/id/13317","sign-and-trade"
"https://www.spotrac.com/nba/player/_/id/13318","Minimum"
"https://www.spotrac.com/nba/player/_/id/13321","cap-space"
"https://www.spotrac.com/nba/player/_/id/13323","Bird Rights"
"https://www.spotrac.com/nba/player/_/id/13325","Bird Rights"
"https://www.spotrac.com/nba/player/_/id/13326","Bird Rights"
"https://www.spotrac.com/nba/player/_/id/13328",""
"https://www.spotrac.com/nba/player/_/id/13330","non-taxpayer-mid-level-exception"
"https://www.spotrac.com/nba/player/_/id/13335","Minimum"
"https://www.spotrac.com/nba/player/_/id/13337","Bird Rights"
"https://www.spotrac.com/nba/player/_/id/13340","Bird Rights"
"https://www.spotrac.com/nba/player/_/id/13512","Minimum"
"https://www.spotrac.com/nba/player/_/id/15353","Bird Rights"
"https://www.spotrac.com/nba/player/_/id/15355","Bird Rights"
"https://www.spotrac.com/nba/player/_/id/15356","Bird Rights"
"https://www.spotrac.com/nba/player/_/id/15357","non-taxpayer-mid-level-exception"
"https://www.spotrac.com/nba/player/_/id/15358","Bird Rights"
"https://www.spotrac.com/nba/player/_/id/15359","Bird Rights"
"https://www.spotrac.com/nba/player/_/id/15363","Minimum"
"https://www.spotrac.com/nba/player/_/id/15364","taxpayer-mid-level-exception"
"https://www.spotrac.com/nba/player/_/id/15365","Bird Rights"
"https://www.spotrac.com/nba/player/_/id/15368","Bird Rights"
"https://www.spotrac.com/nba/player/_/id/15371","Bird Rights"
"https://www.spotrac.com/nba/player/_/id/15377","Bird Rights"
"https://www.spotrac.com/nba/player/_/id/15379","Bird Rights"
"https://www.spotrac.com/nba/player/_/id/15382","Bird Rights"
"https://www.spotrac.com/nba/player/_/id/15390","Minimum"
"https://www.spotrac.com/nba/player/_/id/15391","Bird Rights"
"https://www.spotrac.com/nba/player/_/id/15393","Bird Rights"
"https://www.spotrac.com/nba/player/_/id/15397","Bird Rights"
"https://www.spotrac.com/nba/player/_/id/15398","Bird Rights"
"https://www.spotrac.com/nba/player/_/id/15404","room-mid-level-exception"
"https://www.spotrac.com/nba/player/_/id/15852","Minimum"
"https://www.spotrac.com/nba/player/_/id/17829","Bird Rights"
"https://www.spotrac.com/nba/player/_/id/17830","Bird Rights"
"https://www.spotrac.com/nba/player/_/id/17832","Bird Rights"
"https://www.spotrac.com/nba/player/_/id/17839","Bird Rights"
"https://www.spotrac.com/nba/player/_/id/17840","Early Bird Rights"
"https://www.spotrac.com/nba/player/_/id/17841","Bird Rights"
"https://www.spotrac.com/nba/player/_/id/17842","Minimum"
"https://www.spotrac.com/nba/player/_/id/17843","room-mid-level-exception"
"https://www.spotrac.com/nba/player/_/id/17844","Bird Rights"
"https://www.spotrac.com/nba/player/_/id/17848","Minimum"
"https://www.spotrac.com/nba/player/_/id/17850","Early Bird Rights"
"https://www.spotrac.com/nba/player/_/id/17852","Minimum"
"https://www.spotrac.com/nba/player/_/id/17855","Bird Rights"
"https://www.spotrac.com/nba/player/_/id/17858","Bird Rights"
"https://www.spotrac.com/nba/player/_/id/17865","Bird Rights"
"https://www.spotrac.com/nba/player/_/id/17868","Minimum"
"https://www.spotrac.com/nba/player/_/id/17869","Bird Rights"
"https://www.spotrac.com/nba/player/_/id/17874","Bird Rights"
"https://www.spotrac.com/nba/player/_/id/18218","Minimum"
"https://www.spotrac.com/nba/player/_/id/18252","Bird Rights"
"https://www.spotrac.com/nba/player/_/id/20206","Bird Rights"
"https://www.spotrac.com/nba/player/_/id/20207","Bird Rights"
"https://www.spotrac.com/nba/player/_/id/20208","Bird Rights"
"https://www.spotrac.com/nba/player/_/id/20210","Early Bird Rights"
"https://www.spotrac.com/nba/player/_/id/20211","Bird Rights"
"https://www.spotrac.com/nba/player/_/id/20212","Bird Rights"
"https://www.spotrac.com/nba/player/_/id/20214","Bird Rights"
"https://www.spotrac.com/nba/player/_/id/20216","Bird Rights"
"https://www.spotrac.com/nba/player/_/id/20217","Minimum"
"https://www.spotrac.com/nba/player/_/id/20221","Minimum"
"https://www.spotrac.com/nba/player/_/id/20224","cap-space"
"https://www.spotrac.com/nba/player/_/id/20225","Bird Rights"
"https://www.spotrac.com/nba/player/_/id/20232","Bird Rights"
"https://www.spotrac.com/nba/player/_/id/20234","Bird Rights"
"https://www.spotrac.com/nba/player/_/id/20238","Bird Rights"
"https://www.spotrac.com/nba/player/_/id/20242","Bird Rights"
"https://www.spotrac.com/nba/player/_/id/20256","non-taxpayer-mid-level-exception"
"https://www.spotrac.com/nba/player/_/id/20272","non-taxpayer-mid-level-exception"
"https://www.spotrac.com/nba/player/_/id/20757","Bird Rights"
"https://www.spotrac.com/nba/player/_/id/20778","cap-space"
"https://www.spotrac.com/nba/player/_/id/21063","Minimum"
"https://www.spotrac.com/nba/player/_/id/21067","non-taxpayer-mid-level-exception"
"https://www.spotrac.com/nba/player/_/id/21076","non-taxpayer-mid-level-exception"
"https://www.spotrac.com/nba/player/_/id/2199","Bird Rights"
"https://www.spotrac.com/nba/player/_/id/2257","Bird Rights"
"https://www.spotrac.com/nba/player/_/id/23597","Bird Rights"
"https://www.spotrac.com/nba/player/_/id/23598","Bird Rights"
"https://www.spotrac.com/nba/player/_/id/23600","Bird Rights"
"https://www.spotrac.com/nba/player/_/id/23601","Bird Rights"
"https://www.spotrac.com/nba/player/_/id/23602","Bird Rights"
"https://www.spotrac.com/nba/player/_/id/23605","Bird Rights"
"https://www.spotrac.com/nba/player/_/id/23606","Early Bird Rights"
"https://www.spotrac.com/nba/player/_/id/23607","Bird Rights"
"https://www.spotrac.com/nba/player/_/id/23608","Bird Rights"
"https://www.spotrac.com/nba/player/_/id/23609","Bird Rights"
"https://www.spotrac.com/nba/player/_/id/23614","Bird Rights"
"https://www.spotrac.com/nba/player/_/id/23617","Bird Rights"
"https://www.spotrac.com/nba/player/_/id/23618","Bird Rights"
"https://www.spotrac.com/nba/player/_/id/23622","Bird Rights"
"https://www.spotrac.com/nba/player/_/id/23624","Bird Rights"
"https://www.spotrac.com/nba/player/_/id/23625",""
"https://www.spotrac.com/nba/player/_/id/23643","Minimum"
"https://www.spotrac.com/nba/player/_/id/23644","cap-space"
"https://www.spotrac.com/nba/player/_/id/23646","Bird Rights"
"https://www.spotrac.com/nba/player/_/id/23650","Minimum"
"https://www.spotrac.com/nba/player/_/id/23652","Minimum"
"https://www.spotrac.com/nba/player/_/id/23668","Minimum"
"https://www.spotrac.com/nba/player/_/id/23670","Minimum"
"https://www.spotrac.com/nba/player/_/id/23671","Bird Rights"
"https://www.spotrac.com/nba/player/_/id/23828","Minimum"
"https://www.spotrac.com/nba/player/_/id/24212","Bird Rights"
"https://www.spotrac.com/nba/player/_/id/24230","Minimum"
"https://www.spotrac.com/nba/player/_/id/24240","Bird Rights"
"https://www.spotrac.com/nba/player/_/id/2532","Bird Rights"
"https://www.spotrac.com/nba/player/_/id/2536","Minimum"
"https://www.spotrac.com/nba/player/_/id/2609","cap-space"
"https://www.spotrac.com/nba/player/_/id/26967","cap-space"
"https://www.spotrac.com/nba/player/_/id/26968","Bird Rights"
"https://www.spotrac.com/nba/player/_/id/26969","Bird Rights"
"https://www.spotrac.com/nba/player/_/id/26970","Bird Rights"
"https://www.spotrac.com/nba/player/_/id/26971","Bird Rights"
"https://www.spotrac.com/nba/player/_/id/26972","Minimum"
"https://www.spotrac.com/nba/player/_/id/26973","Bird Rights"
"https://www.spotrac.com/nba/player/_/id/26974","Bird Rights"
"https://www.spotrac.com/nba/player/_/id/26976","Bird Rights"
"https://www.spotrac.com/nba/player/_/id/26977","Bird Rights"
"https://www.spotrac.com/nba/player/_/id/26978","Bird Rights"
"https://www.spotrac.com/nba/player/_/id/26980","Bird Rights"
"https://www.spotrac.com/nba/player/_/id/26983","non-taxpayer-mid-level-exception"
"https://www.spotrac.com/nba/player/_/id/26985","Bird Rights"
"https://www.spotrac.com/nba/player/_/id/26986","Early Bird Rights"
"https://www.spotrac.com/nba/player/_/id/26987","Bird Rights"
"https://www.spotrac.com/nba/player/_/id/26989","bi-annual-exception"
"https://www.spotrac.com/nba/player/_/id/26990","Bird Rights"
"https://www.spotrac.com/nba/player/_/id/26991","Bird Rights"
"https://www.spotrac.com/nba/player/_/id/26993","Bird Rights"
"https://www.spotrac.com/nba/player/_/id/26998","non-taxpayer-mid-level-exception"
"https://www.spotrac.com/nba/player/_/id/26999","Bird Rights"
"https://www.spotrac.com/nba/player/_/id/27002","Bird Rights"
"https://www.spotrac.com/nba/player/_/id/27003","Minimum"
"https://www.spotrac.com/nba/player/_/id/27007","Bird Rights"
"https://www.spotrac.com/nba/player/_/id/27008","cap-space"
"https://www.spotrac.com/nba/player/_/id/27012","non-taxpayer-mid-level-exception"
"https://www.spotrac.com/nba/player/_/id/27013","cap-space"
"https://www.spotrac.com/nba/player/_/id/27020","Non-Bird Rights"
"https://www.spotrac.com/nba/player/_/id/2717","Bird Rights"
"https://www.spotrac.com/nba/player/_/id/2720","cap-space"
"https://www.spotrac.com/nba/player/_/id/27658","Bird Rights"
"https://www.spotrac.com/nba/player/_/id/27758","Bird Rights"
"https://www.spotrac.com/nba/player/_/id/27975","Minimum"
"https://www.spotrac.com/nba/player/_/id/28052","cap-space"
"https://www.spotrac.com/nba/player/_/id/28087","non-taxpayer-mid-level-exception"
"https://www.spotrac.com/nba/player/_/id/28301","Bird Rights"
"https://www.spotrac.com/nba/player/_/id/31558","Bird Rights"
"https://www.spotrac.com/nba/player/_/id/31559","Bird Rights"
"https://www.spotrac.com/nba/player/_/id/31560","Bird Rights"
"https://www.spotrac.com/nba/player/_/id/31561","Bird Rights"
"https://www.spotrac.com/nba/player/_/id/31562","Bird Rights"
"https://www.spotrac.com/nba/player/_/id/31564","Bird Rights"
"https://www.spotrac.com/nba/player/_/id/31565","Minimum"
"https://www.spotrac.com/nba/player/_/id/31566","Bird Rights"
"https://www.spotrac.com/nba/player/_/id/31567","Minimum"
"https://www.spotrac.com/nba/player/_/id/31568","Bird Rights"
"https://www.spotrac.com/nba/player/_/id/31569","Bird Rights"
"https://www.spotrac.com/nba/player/_/id/31570","Bird Rights"
"https://www.spotrac.com/nba/player/_/id/31574","Bird Rights"
"https://www.spotrac.com/nba/player/_/id/31575","Early Bird Rights"
"https://www.spotrac.com/nba/player/_/id/31577","Bird Rights"
"https://www.spotrac.com/nba/player/_/id/31578","Bird Rights"
"https://www.spotrac.com/nba/player/_/id/31579","Bird Rights"
"https://www.spotrac.com/nba/player/_/id/31582","bi-annual-exception"
"https://www.spotrac.com/nba/player/_/id/31587","Bird Rights"
"https://www.spotrac.com/nba/player/_/id/31588","Bird Rights"
"https://www.spotrac.com/nba/player/_/id/31589","Minimum"
"https://www.spotrac.com/nba/player/_/id/31590","Bird Rights"
"https://www.spotrac.com/nba/player/_/id/31593","Minimum"
"https://www.spotrac.com/nba/player/_/id/31595","Bird Rights"
"https://www.spotrac.com/nba/player/_/id/31597","Bird Rights"
"https://www.spotrac.com/nba/player/_/id/31602","Minimum"
"https://www.spotrac.com/nba/player/_/id/31603","Minimum"
"https://www.spotrac.com/nba/player/_/id/31605","Minimum"
"https://www.spotrac.com/nba/player/_/id/31607",""
"https://www.spotrac.com/nba/player/_/id/31963","Bird Rights"
"https://www.spotrac.com/nba/player/_/id/32044","non-taxpayer-mid-level-exception"
"https://www.spotrac.com/nba/player/_/id/32045","Bird Rights"
"https://www.spotrac.com/nba/player/_/id/32170","Bird Rights"
"https://www.spotrac.com/nba/player/_/id/32198","Bird Rights"
"https://www.spotrac.com/nba/player/_/id/32409","Minimum"
"https://www.spotrac.com/nba/player/_/id/32411","Bird Rights"
"https://www.spotrac.com/nba/player/_/id/32680","Early Bird Rights"
"https://www.spotrac.com/nba/player/_/id/32682","cap-space"
"https://www.spotrac.com/nba/player/_/id/33033","Bird Rights"
"https://www.spotrac.com/nba/player/_/id/6116","Minimum"
"https://www.spotrac.com/nba/player/_/id/6117","Minimum"
"https://www.spotrac.com/nba/player/_/id/6132","Early Bird Rights"
"https://www.spotrac.com/nba/player/_/id/6136","Bird Rights"
"https://www.spotrac.com/nba/player/_/id/6141","Minimum"
"https://www.spotrac.com/nba/player/_/id/6149","bi-annual-exception"
"https://www.spotrac.com/nba/player/_/id/6278","Minimum"
"https://www.spotrac.com/nba/player/_/id/6279","Minimum"
"https://www.spotrac.com/nba/player/_/id/6287","Bird Rights"
"https://www.spotrac.com/nba/player/_/id/6312","Bird Rights"
"https://www.spotrac.com/nba/player/_/id/6316","Bird Rights"
"https://www.spotrac.com/nba/player/_/id/6322","Minimum"
"https://www.spotrac.com/nba/player/_/id/6327","Bird Rights"
"https://www.spotrac.com/nba/player/_/id/6492","Minimum"
"https://www.spotrac.com/nba/player/_/id/6892","cap-space"
"https://www.spotrac.com/nba/player/_/id/70643","Bird Rights"
"https://www.spotrac.com/nba/player/_/id/70644","Minimum"
"https://www.spotrac.com/nba/player/_/id/70645","Bird Rights"
"https://www.spotrac.com/nba/player/_/id/70646","Bird Rights"
"https://www.spotrac.com/nba/player/_/id/70647","Bird Rights"
"https://www.spotrac.com/nba/player/_/id/70648","Bird Rights"
"https://www.spotrac.com/nba/player/_/id/70650","Bird Rights"
"https://www.spotrac.com/nba/player/_/id/70651","Bird Rights"
"https://www.spotrac.com/nba/player/_/id/70652","non-taxpayer-mid-level-exception"
"https://www.spotrac.com/nba/player/_/id/70653","Bird Rights"
"https://www.spotrac.com/nba/player/_/id/70654","Bird Rights"
"https://www.spotrac.com/nba/player/_/id/70656","Bird Rights"
"https://www.spotrac.com/nba/player/_/id/70657","Bird Rights"
"https://www.spotrac.com/nba/player/_/id/70658","Bird Rights"
"https://www.spotrac.com/nba/player/_/id/70660","Bird Rights"
"https://www.spotrac.com/nba/player/_/id/70661","non-taxpayer-mid-level-exception"
"https://www.spotrac.com/nba/player/_/id/70662","Bird Rights"
"https://www.spotrac.com/nba/player/_/id/70663","Bird Rights"
"https://www.spotrac.com/nba/player/_/id/70664","Bird Rights"
"https://www.spotrac.com/nba/player/_/id/70667","Bird Rights"
"https://www.spotrac.com/nba/player/_/id/70668","Bird Rights"
"https://www.spotrac.com/nba/player/_/id/70670","Bird Rights"
"https://www.spotrac.com/nba/player/_/id/70672","Bird Rights"
"https://www.spotrac.com/nba/player/_/id/70677","Minimum"
"https://www.spotrac.com/nba/player/_/id/70679","non-taxpayer-mid-level-exception"
"https://www.spotrac.com/nba/player/_/id/70683","Bird Rights"
"https://www.spotrac.com/nba/player/_/id/70684","Early Bird Rights"
"https://www.spotrac.com/nba/player/_/id/70691","Early Bird Rights"
"https://www.spotrac.com/nba/player/_/id/70694","Bird Rights"
"https://www.spotrac.com/nba/player/_/id/70700","Bird Rights"
"https://www.spotrac.com/nba/player/_/id/70702","non-taxpayer-mid-level-exception"
"https://www.spotrac.com/nba/player/_/id/70704","non-taxpayer-mid-level-exception"
"https://www.spotrac.com/nba/player/_/id/70741","Minimum"
"https://www.spotrac.com/nba/player/_/id/70758","Early Bird Rights"
"https://www.spotrac.com/nba/player/_/id/74108","Bird Rights"
"https://www.spotrac.com/nba/player/_/id/74109","Bird Rights"
"https://www.spotrac.com/nba/player/_/id/74110","Bird Rights"
"https://www.spotrac.com/nba/player/_/id/74111","Bird Rights"
"https://www.spotrac.com/nba/player/_/id/74112","Bird Rights"
"https://www.spotrac.com/nba/player/_/id/74113","rookie-scale-exception"
"https://www.spotrac.com/nba/player/_/id/74114","rookie-scale-exception"
"https://www.spotrac.com/nba/player/_/id/74115","Bird Rights"
"https://www.spotrac.com/nba/player/_/id/74116","rookie-scale-exception"
"https://www.spotrac.com/nba/player/_/id/74117","rookie-scale-exception"
"https://www.spotrac.com/nba/player/_/id/74120","rookie-scale-exception"
"https://www.spotrac.com/nba/player/_/id/74121","Bird Rights"
"https://www.spotrac.com/nba/player/_/id/74122","Bird Rights"
"https://www.spotrac.com/nba/player/_/id/74123","Bird Rights"
"https://www.spotrac.com/nba/player/_/id/74124","Bird Rights"
"https://www.spotrac.com/nba/player/_/id/74125","rookie-scale-exception"
"https://www.spotrac.com/nba/player/_/id/74127","Bird Rights"
"https://www.spotrac.com/nba/player/_/id/74128","Minimum"
"https://www.spotrac.com/nba/player/_/id/74129","rookie-scale-exception"
"https://www.spotrac.com/nba/player/_/id/74132","rookie-scale-exception"
"https://www.spotrac.com/nba/player/_/id/74133","rookie-scale-exception"
"https://www.spotrac.com/nba/player/_/id/74134","rookie-scale-exception"
"https://www.spotrac.com/nba/player/_/id/74135","rookie-scale-exception"
"https://www.spotrac.com/nba/player/_/id/74136","rookie-scale-exception"
"https://www.spotrac.com/nba/player/_/id/74137","rookie-scale-exception"
"https://www.spotrac.com/nba/player/_/id/74139","Minimum"
"https://www.spotrac.com/nba/player/_/id/74142","Early Bird Rights"
"https://www.spotrac.com/nba/player/_/id/74143","Bird Rights"
"https://www.spotrac.com/nba/player/_/id/74145","Early Bird Rights"
"https://www.spotrac.com/nba/player/_/id/74146","Non-Bird Rights"
"https://www.spotrac.com/nba/player/_/id/74153","Minimum"
"https://www.spotrac.com/nba/player/_/id/74159","Minimum"
"https://www.spotrac.com/nba/player/_/id/74160","Minimum"
"https://www.spotrac.com/nba/player/_/id/74161","Minimum"
"https://www.spotrac.com/nba/player/_/id/74162","Bird Rights"
"https://www.spotrac.com/nba/player/_/id/74166","cap-space"
"https://www.spotrac.com/nba/player/_/id/74215","cap-space"
"https://www.spotrac.com/nba/player/_/id/74218","Early Bird Rights"
"https://www.spotrac.com/nba/player/_/id/74232","Bird Rights"
"https://www.spotrac.com/nba/player/_/id/74262","non-taxpayer-mid-level-exception"
"https://www.spotrac.com/nba/player/_/id/74311","Bird Rights"
"https://www.spotrac.com/nba/player/_/id/74331","Bird Rights"
"https://www.spotrac.com/nba/player/_/id/74472","Minimum"
"https://www.spotrac.com/nba/player/_/id/75746","Minimum"
"https://www.spotrac.com/nba/player/_/id/78108","rookie-scale-exception"
"https://www.spotrac.com/nba/player/_/id/78109","rookie-scale-exception"
"https://www.spotrac.com/nba/player/_/id/78110","rookie-scale-exception"
"https://www.spotrac.com/nba/player/_/id/78111","rookie-scale-exception"
"https://www.spotrac.com/nba/player/_/id/78112","rookie-scale-exception"
"https://www.spotrac.com/nba/player/_/id/78113","rookie-scale-exception"
"https://www.spotrac.com/nba/player/_/id/78114","rookie-scale-exception"
"https://www.spotrac.com/nba/player/_/id/78115","rookie-scale-exception"
"https://www.spotrac.com/nba/player/_/id/78116","rookie-scale-exception"
"https://www.spotrac.com/nba/player/_/id/78117","rookie-scale-exception"
"https://www.spotrac.com/nba/player/_/id/78118","rookie-scale-exception"
"https://www.spotrac.com/nba/player/_/id/78120","rookie-scale-exception"
"https://www.spotrac.com/nba/player/_/id/78121","rookie-scale-exception"
"https://www.spotrac.com/nba/player/_/id/78122","rookie-scale-exception"
"https://www.spotrac.com/nba/player/_/id/78123","rookie-scale-exception"
"https://www.spotrac.com/nba/player/_/id/78124","rookie-scale-exception"
"https://www.spotrac.com/nba/player/_/id/78126","rookie-scale-exception"
"https://www.spotrac.com/nba/player/_/id/78128","rookie-scale-exception"
"https://www.spotrac.com/nba/player/_/id/78130","Early Bird Rights"
"https://www.spotrac.com/nba/player/_/id/78132","rookie-scale-exception"
"https://www.spotrac.com/nba/player/_/id/78133","rookie-scale-exception"
"https://www.spotrac.com/nba/player/_/id/78134","rookie-scale-exception"
"https://www.spotrac.com/nba/player/_/id/78135","rookie-scale-exception"
"https://www.spotrac.com/nba/player/_/id/78136","Early Bird Rights"
"https://www.spotrac.com/nba/player/_/id/78137","Bird Rights"
"https://www.spotrac.com/nba/player/_/id/78138","rookie-scale-exception"
"https://www.spotrac.com/nba/player/_/id/78139","rookie-scale-exception"
"https://www.spotrac.com/nba/player/_/id/78141","rookie-scale-exception"
"https://www.spotrac.com/nba/player/_/id/78142","non-taxpayer-mid-level-exception"
"https://www.spotrac.com/nba/player/_/id/78144","second-round-exception"
"https://www.spotrac.com/nba/player/_/id/78145","rookie-scale-exception"
"https://www.spotrac.com/nba/player/_/id/78148","rookie-scale-exception"
"https://www.spotrac.com/nba/player/_/id/78149","rookie-scale-exception"
"https://www.spotrac.com/nba/player/_/id/78150","non-taxpayer-mid-level-exception"
"https://www.spotrac.com/nba/player/_/id/78156","non-taxpayer-mid-level-exception"
"https://www.spotrac.com/nba/player/_/id/78158","non-taxpayer-mid-level-exception"
"https://www.spotrac.com/nba/player/_/id/78165","second-round-exception"
"https://www.spotrac.com/nba/player/_/id/78167","non-taxpayer-mid-level-exception"
"https://www.spotrac.com/nba/player/_/id/78250","Non-Bird Rights"
"https://www.spotrac.com/nba/player/_/id/78256","non-taxpayer-mid-level-exception"
"https://www.spotrac.com/nba/player/_/id/78267","room-mid-level-exception"
"https://www.spotrac.com/nba/player/_/id/78268","cap-space"
"https://www.spotrac.com/nba/player/_/id/78309","Minimum"
"https://www.spotrac.com/nba/player/_/id/78583","Early Bird Rights"
"https://www.spotrac.com/nba/player/_/id/78654","Early Bird Rights"
"https://www.spotrac.com/nba/player/_/id/8051","Bird Rights"
"https://www.spotrac.com/nba/player/_/id/8054","Minimum"
"https://www.spotrac.com/nba/player/_/id/8055","Bird Rights"
"https://www.spotrac.com/nba/player/_/id/8062","Bird Rights"
"https://www.spotrac.com/nba/player/_/id/8063","Minimum"
"https://www.spotrac.com/nba/player/_/id/8064","Minimum"
"https://www.spotrac.com/nba/player/_/id/8066","Bird Rights"
"https://www.spotrac.com/nba/player/_/id/8067","Bird Rights"
"https://www.spotrac.com/nba/player/_/id/8070","cap-space"
"https://www.spotrac.com/nba/player/_/id/8075","Minimum"
"https://www.spotrac.com/nba/player/_/id/8080","Minimum"
"https://www.spotrac.com/nba/player/_/id/8081","Bird Rights"
"https://www.spotrac.com/nba/player/_/id/8083","Bird Rights"
"https://www.spotrac.com/nba/player/_/id/82196","rookie-scale-exception"
"https://www.spotrac.com/nba/player/_/id/82197","rookie-scale-exception"
"https://www.spotrac.com/nba/player/_/id/82198","rookie-scale-exception"
"https://www.spotrac.com/nba/player/_/id/82199","rookie-scale-exception"
"https://www.spotrac.com/nba/player/_/id/82200","rookie-scale-exception"
"https://www.spotrac.com/nba/player/_/id/82201","rookie-scale-exception"
"https://www.spotrac.com/nba/player/_/id/82202","rookie-scale-exception"
"https://www.spotrac.com/nba/player/_/id/82203","rookie-scale-exception"
"https://www.spotrac.com/nba/player/_/id/82204","rookie-scale-exception"
"https://www.spotrac.com/nba/player/_/id/82205","rookie-scale-exception"
"https://www.spotrac.com/nba/player/_/id/82206","rookie-scale-exception"
"https://www.spotrac.com/nba/player/_/id/82207","rookie-scale-exception"
"https://www.spotrac.com/nba/player/_/id/82208","rookie-scale-exception"
"https://www.spotrac.com/nba/player/_/id/82209","rookie-scale-exception"
"https://www.spotrac.com/nba/player/_/id/82210","rookie-scale-exception"
"https://www.spotrac.com/nba/player/_/id/82211","rookie-scale-exception"
"https://www.spotrac.com/nba/player/_/id/82212","second-round-exception"
"https://www.spotrac.com/nba/player/_/id/82213","rookie-scale-exception"
"https://www.spotrac.com/nba/player/_/id/82214","rookie-scale-exception"
"https://www.spotrac.com/nba/player/_/id/82215","second-round-exception"
"https://www.spotrac.com/nba/player/_/id/82271","rookie-scale-exception"
"https://www.spotrac.com/nba/player/_/id/82272","rookie-scale-exception"
"https://www.spotrac.com/nba/player/_/id/82273","rookie-scale-exception"
"https://www.spotrac.com/nba/player/_/id/82275","rookie-scale-exception"
"https://www.spotrac.com/nba/player/_/id/82317","rookie-scale-exception"
"https://www.spotrac.com/nba/player/_/id/82318","second-round-exception"
"https://www.spotrac.com/nba/player/_/id/82320","second-round-exception"
"https://www.spotrac.com/nba/player/_/id/82321","second-round-exception"
"https://www.spotrac.com/nba/player/_/id/82323","rookie-scale-exception"
"https://www.spotrac.com/nba/player/_/id/84438","rookie-scale-exception"
"https://www.spotrac.com/nba/player/_/id/84439","rookie-scale-exception"
"https://www.spotrac.com/nba/player/_/id/84440","rookie-scale-exception"
"https://www.spotrac.com/nba/player/_/id/84442","rookie-scale-exception"
"https://www.spotrac.com/nba/player/_/id/84443","second-round-exception"
"https://www.spotrac.com/nba/player/_/id/84444","second-round-exception"
"https://www.spotrac.com/nba/player/_/id/84463","rookie-scale-exception"
"https://www.spotrac.com/nba/player/_/id/84464","rookie-scale-exception"
"https://www.spotrac.com/nba/player/_/id/84465","second-round-exception"
"https://www.spotrac.com/nba/player/_/id/84466","second-round-exception"
"https://www.spotrac.com/nba/player/_/id/84467","second-round-exception"
"https://www.spotrac.com/nba/player/_/id/84468","second-round-exception"
"https://www.spotrac.com/nba/player/_/id/84471","cap-space"
"https://www.spotrac.com/nba/player/_/id/84477","non-taxpayer-mid-level-exception"
"https://www.spotrac.com/nba/player/_/id/84478","second-round-exception"
"https://www.spotrac.com/nba/player/_/id/84483","second-round-exception"
"https://www.spotrac.com/nba/player/_/id/84718","non-taxpayer-mid-level-exception"
"https://www.spotrac.com/nba/player/_/id/84768","non-taxpayer-mid-level-exception"
"https://www.spotrac.com/nba/player/_/id/85972","non-taxpayer-mid-level-exception"
"https://www.spotrac.com/nba/player/_/id/86051","non-taxpayer-mid-level-exception"
"https://www.spotrac.com/nba/player/_/id/91733","rookie-scale-exception"
"https://www.spotrac.com/nba/player/_/id/91734","rookie-scale-exception"
"https://www.spotrac.com/nba/player/_/id/91735","rookie-scale-exception"
"https://www.spotrac.com/nba/player/_/id/91736","rookie-scale-exception"
"https://www.spotrac.com/nba/player/_/id/91737","rookie-scale-exception"
"https://www.spotrac.com/nba/player/_/id/91738","rookie-scale-exception"
"https://www.spotrac.com/nba/player/_/id/91739","rookie-scale-exception"
"https://www.spotrac.com/nba/player/_/id/91749","rookie-scale-exception"
"https://www.spotrac.com/nba/player/_/id/91750","rookie-scale-exception"
"https://www.spotrac.com/nba/player/_/id/91751","rookie-scale-exception"
"https://www.spotrac.com/nba/player/_/id/91752","rookie-scale-exception"
"https://www.spotrac.com/nba/player/_/id/91753","rookie-scale-exception"
"https://www.spotrac.com/nba/player/_/id/91754","rookie-scale-exception"
"https://www.spotrac.com/nba/player/_/id/91755","rookie-scale-exception"
"https://www.spotrac.com/nba/player/_/id/91756","rookie-scale-exception"
"https://www.spotrac.com/nba/player/_/id/91757","Minimum"
"https://www.spotrac.com/nba/player/_/id/91758","rookie-scale-exception"
"https://www.spotrac.com/nba/player/_/id/91759","rookie-scale-exception"
"https://www.spotrac.com/nba/player/_/id/91760","rookie-scale-exception"
"https://www.spotrac.com/nba/player/_/id/91761","rookie-scale-exception"
"https://www.spotrac.com/nba/player/_/id/91762","second-round-exception"
"https://www.spotrac.com/nba/player/_/id/91764","second-round-exception"
"https://www.spotrac.com/nba/player/_/id/91765","rookie-scale-exception"
"https://www.spotrac.com/nba/player/_/id/91766","rookie-scale-exception"
"https://www.spotrac.com/nba/player/_/id/91767","rookie-scale-exception"
"https://www.spotrac.com/nba/player/_/id/91768","second-round-exception"
"https://www.spotrac.com/nba/player/_/id/91769","second-round-exception"
"https://www.spotrac.com/nba/player/_/id/91771","rookie-scale-exception"
"https://www.spotrac.com/nba/player/_/id/91773","rookie-scale-exception"
"https://www.spotrac.com/nba/player/_/id/91774","rookie-scale-exception"
"https://www.spotrac.com/nba/player/_/id/91777","second-round-exception"
"https://www.spotrac.com/nba/player/_/id/91778","rookie-scale-exception"
"https://www.spotrac.com/nba/player/_/id/91780","rookie-scale-exception"
"https://www.spotrac.com/nba/player/_/id/91782","rookie-scale-exception"
"https://www.spotrac.com/nba/player/_/id/91787","second-round-exception"
"https://www.spotrac.com/nba/player/_/id/91790","second-round-exception"
"https://www.spotrac.com/nba/player/_/id/91791","rookie-scale-exception"
"https://www.spotrac.com/nba/player/_/id/92952","rookie-scale-exception"
"https://www.spotrac.com/nba/player/_/id/92956","second-round-exception"
"https://www.spotrac.com/nba/player/_/id/92960","second-round-exception"
"https://www.spotrac.com/nba/player/_/id/93952","second-round-exception"
"https://www.spotrac.com/nba/player/_/id/93953","second-round-exception"
"https://www.spotrac.com/nba/player/_/id/93955","second-round-exception"
"https://www.spotrac.com/nba/player/_/id/93956","second-round-exception"
"https://www.spotrac.com/nba/player/_/id/93962","Minimum"
"https://www.spotrac.com/nba/player/_/id/95611","Minimum"
